id,title,year,google_rating,vote_average,vote_count,revenue,runtime,index
12477,Grave of the Fireflies,1988,97,8.455,4861,516962,89,865
635302,Demon Slayer -Kimetsu no Yaiba- The Movie: Mugen Train,2020,96,8.259,3413,503063688,117,1301
372058,Your Name.,2016,96,8.514,10303,357986087,106,258
378064,A Silent Voice: The Movie,2016,96,8.402,3566,30156463,130,1236
4935,Howl's Moving Castle,2004,96,8.402,8720,236049757,119,357
280,Terminator 2: Judgment Day,1991,95,8.104,11744,520000000,137,195
278,The Shawshank Redemption,1994,95,8.702,24649,28341469,142,14
129,Spirited Away,2001,95,8.539,14913,274925095,125,107
14574,The Boy in the Striped Pyjamas,2008,94,7.849,6542,20416563,94,557
128,Princess Mononoke,1997,94,8.338,7228,169000000,134,482
396535,Train to Busan,2016,94,7.8,6694,87547518,118,536
13,Forrest Gump,1994,94,8.477,25409,677387716,142,10
11423,Memories of Murder,2003,94,8.066,3351,26000000,131,1325
8392,My Neighbor Totoro,1988,94,8.073,7124,41000000,86,492
1891,The Empire Strikes Back,1980,94,8.4,15773,538400000,124,96
423,The Pianist,2002,94,8.382,8351,120072577,150,378
1892,Return of the Jedi,1983,94,7.892,14591,572700000,132,120
16859,Kiki's Delivery Service,1989,94,7.848,3562,4493017,103,1238
3034,Young Frankenstein,1974,93,7.901,2877,86273333,106,1561
207,Dead Poets Society,1989,93,8.312,10311,235860116,128,257
9495,The Crow,1994,93,7.502,3553,50694672,102,1250
637,Life Is Beautiful,1997,93,8.455,12218,230098753,116,181
466282,To All the Boys I've Loved Before,2018,93,7.642,8045,0,100,395
10515,Castle in the Sky,1986,93,7.961,3735,5228752,125,1175
38,Eternal Sunshine of the Spotless Mind,2004,93,8.101,13709,72258126,108,140
196,Back to the Future Part III,1990,93,7.465,9679,244527583,119,291
324786,Hacksaw Ridge,2016,93,8.195,12668,175302354,139,166
11886,Robin Hood,1973,93,7.284,4029,32056467,83,1061
12405,Slumdog Millionaire,2008,93,7.734,9916,378410542,120,275
613,Downfall,2004,93,7.847,3460,92181574,156,1287
597,Titanic,1997,93,7.9,23637,2264162353,194,17
81,Nausicaä of the Valley of the Wind,1984,93,7.928,3174,3301446,117,1408
489,Good Will Hunting,1997,93,8.149,11111,225933435,127,221
346,Seven Samurai,1954,93,8.452,3230,346300,207,1376
77338,The Intouchables,2011,93,8.277,16083,426588510,113,89
299534,Avengers: Endgame,2019,93,8.263,23857,2800000000,181,15
1402,The Pursuit of Happyness,2006,93,7.9,9159,307077295,117,331
105,Back to the Future,1985,93,8.314,18442,381109762,116,55
1579,Apocalypto,2006,93,7.567,5049,120673227,139,830
49046,All Quiet on the Western Front,2022,93,7.749,3127,0,147,1426
424,Schindler's List,1993,93,8.573,14594,321365567,195,119
1422,The Departed,2006,92,8.166,13792,291465000,151,136
12153,White Chicks,2004,92,6.919,3505,113086475,109,1270
10681,WALL·E,2008,92,8.078,17446,521311860,98,69
914,The Great Dictator,1940,92,8.332,3037,11000000,125,1482
244786,Whiplash,2014,92,8.381,13891,13092000,107,135
424694,Bohemian Rhapsody,2018,92,7.997,15965,903992901,135,92
497,The Green Mile,1999,92,8.507,15937,286801374,189,93
819,Sleepers,1996,92,7.597,3230,165615285,147,1377
563,Starship Troopers,1997,92,7.03,4392,121214377,129,954
935,Dr. Strangelove or: How I Learned to Stop Worrying and Love the Bomb,1964,92,8.129,5111,9523464,95,812
393,Kill Bill: Vol. 2,2004,92,7.876,12916,152159461,136,157
246741,What We Do in the Shadows,2014,92,7.6,3241,6263224,86,1373
4348,Pride & Prejudice,2005,92,8.083,7394,121616555,127,461
863,Toy Story 2,1999,92,7.589,12904,497366869,92,159
36955,True Lies,1994,92,7.057,3672,378882411,141,1201
155,The Dark Knight,2008,92,8.512,30619,1004558444,152,2
11216,Cinema Paradiso,1988,92,8.453,3954,11990401,124,1081
766,Army of Darkness,1992,92,7.27,2829,21502976,81,1586
550,Fight Club,1999,92,8.438,27238,100853753,139,7
680,Pulp Fiction,1994,92,8.488,25893,213900000,154,9
68718,Django Unchained,2012,92,8.171,24672,425368238,165,13
9016,Treasure Planet,2002,92,7.526,3798,109578115,95,1147
218,The Terminator,1984,92,7.646,11874,78371200,108,193
615,The Passion of the Christ,2004,92,7.47,4017,611899420,127,1064
14836,Coraline,2009,92,7.854,6950,124600000,100,506
747,Shaun of the Dead,2004,92,7.54,7760,30097092,99,422
149,Akira,1988,92,7.946,3727,553171,124,1180
627,Trainspotting,1996,92,8.0,9017,16491080,94,339
406,La Haine,1995,92,8.087,3612,15300000,98,1220
157336,Interstellar,2014,92,8.417,32571,701729206,169,1
1895,Star Wars: Episode III - Revenge of the Sith,2005,92,7.411,12753,850000000,140,165
637920,Miracle in Cell No. 7,2019,92,8.277,4217,19289062,132,1005
22,Pirates of the Caribbean: The Curse of the Black Pearl,2003,92,7.794,19233,655011224,143,47
101,Léon: The Professional,1994,91,8.316,13652,45284974,111,141
857,Saving Private Ryan,1998,91,8.209,14658,481840909,169,116
2109,Rush Hour,1998,91,7.013,4374,244721064,98,957
85,Raiders of the Lost Ark,1981,91,7.924,11483,389925971,115,206
18,The Fifth Element,1997,91,7.53,9947,263920180,126,274
58,Pirates of the Caribbean: Dead Man's Chest,2006,91,7.346,14868,1065659812,151,109
581,Dances with Wolves,1990,91,7.846,3835,424208848,181,1127
406997,Wonder,2017,91,8.155,7421,305937718,113,459
141,Donnie Darko,2001,91,7.8,11515,7500000,114,201
500,Reservoir Dogs,1992,91,8.132,13296,2859750,99,148
111,Scarface,1983,91,8.168,10749,66023329,169,235
165,Back to the Future Part II,1989,91,7.752,11817,332000000,108,194
834,Underworld: Evolution,2006,91,6.57,3718,111476513,106,1183
582,The Lives of Others,2006,91,8.035,3319,70000000,137,1338
1587,What's Eating Gilbert Grape,1993,91,7.667,3639,10032765,118,1207
1374,Rocky IV,1985,91,7.076,4014,300473716,91,1065
76203,12 Years a Slave,2013,91,7.945,10603,187000000,134,241
5548,RoboCop,1987,91,7.297,4559,53424681,102,927
10229,A Walk to Remember,2002,91,7.74,3787,47494916,101,1154
1417,Pan's Labyrinth,2006,91,7.757,9839,83258226,118,280
197,Braveheart,1995,91,7.932,9347,213216216,177,316
10112,The Aristocats,1970,91,7.289,4660,55675257,78,897
12429,Ponyo,2008,91,7.741,3783,202404009,100,1157
510,One Flew Over the Cuckoo's Nest,1975,91,8.42,9650,108981275,133,297
9286,Final Destination 3,2006,91,6.1,3513,118890272,93,1266
77,Memento,2000,91,8.188,13723,39723096,113,139
490132,Green Book,2018,91,8.242,10542,319700000,130,245
274,The Silence of the Lambs,1991,91,8.3,15003,272742922,119,106
2899,Asterix & Obelix: Mission Cleopatra,2002,91,7.377,3184,128027976,108,1406
515001,Jojo Rabbit,2019,91,8.042,8724,82468705,108,355
70,Million Dollar Baby,2004,91,7.958,8874,216763646,132,349
429,"The Good, the Bad and the Ugly",1966,91,8.473,7751,38900000,161,423
28178,Hachi: A Dog's Tale,2009,91,8.006,6235,46749646,93,600
1573,Die Hard 2,1990,91,6.923,5275,240031094,124,779
762,Monty Python and the Holy Grail,1975,91,7.797,5280,1940906,91,778
100,"Lock, Stock and Two Smoking Barrels",1998,91,8.126,6072,28356188,105,632
7345,There Will Be Blood,2007,91,8.085,5985,77208711,158,643
942,Lethal Weapon 2,1989,91,7.006,3092,227853986,114,1450
235,Stand by Me,1986,91,7.856,5317,52287414,89,771
807,Se7en,1995,91,8.368,19403,327311859,127,45
1933,The Others,2001,91,7.612,5916,209947037,101,655
45269,The King's Speech,2010,91,7.74,8145,414211549,118,390
1572,Die Hard: With a Vengeance,1995,91,7.253,5604,366101666,128,714
2062,Ratatouille,2007,91,7.809,15728,623726000,111,98
389,12 Angry Men,1957,91,8.54,7658,1000000,97,436
598,City of God,2002,91,8.429,6708,30641770,130,532
106646,The Wolf of Wall Street,2013,91,8.035,22222,392000000,180,22
861,Total Recall,1990,91,7.284,5243,261317921,113,786
671,Harry Potter and the Philosopher's Stone,2001,91,7.916,25379,976475550,152,11
524,Casino,1995,91,8.004,5240,116112375,179,787
855,Black Hawk Down,2001,91,7.368,5208,172989651,145,795
205596,The Imitation Game,2014,91,8.007,15973,233555708,113,91
1103,Escape from New York,1981,91,7.1,2805,50244700,99,1597
238,The Godfather,1972,90,8.707,18677,245066411,175,53
1367,Rocky II,1979,90,7.259,3973,85182160,118,1076
334533,Captain Fantastic,2016,90,7.912,6017,23123592,118,640
567,Rear Window,1954,90,8.359,5893,37034514,112,656
11,Star Wars,1977,90,8.204,19155,775398007,121,49
8844,Jumanji,1995,90,7.239,9833,262821940,104,281
2108,The Breakfast Club,1985,90,7.751,7478,51525171,98,453
36557,Casino Royale,2006,90,7.543,9959,599045960,144,273
350,The Devil Wears Prada,2006,90,7.384,11089,326706115,109,223
22881,The Blind Side,2009,90,7.692,5868,309208309,129,661
228150,Fury,2014,90,7.518,11021,211817906,135,226
1366,Rocky,1976,90,7.8,7135,225250402,119,489
114,Pretty Woman,1990,90,7.5,7371,463406268,119,465
194,Amélie,2001,90,7.905,10750,173921954,122,234
5175,Rush Hour 2,2001,90,6.712,3686,347325802,90,1194
771,Home Alone,1990,90,7.412,10140,476684675,103,262
9820,The Parent Trap,1998,90,7.163,3792,92108518,128,1150
670,Oldboy,2003,90,8.274,7790,15194593,120,415
106,Predator,1987,90,7.506,7265,98267558,107,475
71,Billy Elliot,2000,90,7.592,3561,109280263,110,1239
382591,Two Is a Family,2016,90,7.749,2841,1447740,118,1582
324552,John Wick: Chapter 2,2017,90,7.323,12007,171539887,122,189
359724,Ford v Ferrari,2019,90,8.01,6972,225508210,153,504
2502,The Bourne Supremacy,2004,90,7.315,6977,288500217,108,503
277,Underworld,2003,90,6.807,5696,95708457,122,691
286217,The Martian,2015,90,7.678,18525,630600000,141,54
679,Aliens,1986,90,7.933,8758,183316455,137,353
7735,The Wave,2008,90,7.501,3071,19000000,107,1468
496243,Parasite,2019,90,8.515,16430,257591776,133,81
10020,Beauty and the Beast,1991,90,7.734,9256,424967620,84,322
480530,Creed II,2018,90,7.015,5007,214215889,130,837
290098,The Handmaiden,2016,90,8.246,3299,38600000,145,1352
24,Kill Bill: Vol. 1,2003,90,7.97,16188,180906076,111,87
37165,The Truman Show,1998,90,8.133,16827,264118201,103,78
98,Gladiator,2000,90,8.209,16962,465361176,155,77
9486,Johnny English,2003,90,6.261,3140,160583018,88,1419
239,Some Like It Hot,1959,90,8.108,3153,25000000,122,1418
9291,The Longest Yard,2005,90,6.632,3072,190320568,113,1467
3082,Modern Times,1936,90,8.293,3394,1800000,87,1310
83666,Moonrise Kingdom,2012,90,7.69,5434,68263166,94,745
2501,The Bourne Identity,2002,90,7.463,8618,214034224,119,361
329,Jurassic Park,1993,90,7.941,15141,920100000,127,105
285,Pirates of the Caribbean: At World's End,2007,90,7.239,13345,961000000,169,146
9479,The Nightmare Before Christmas,1993,90,7.841,8484,75634409,76,372
12092,Alice in Wonderland,1951,90,7.185,5459,57200000,75,743
73,American History X,1998,89,8.352,10729,23875127,119,237
1577,Resident Evil: Apocalypse,2004,89,6.341,3954,129394835,94,1082
9532,Final Destination,2000,89,6.6,5080,112880294,98,822
608,Men in Black II,2002,89,6.359,9234,445135288,88,324
948,Halloween,1978,89,7.562,4987,70274000,91,841
527641,Five Feet Apart,2019,89,8.287,5254,92600000,116,783
50014,The Help,2011,89,8.202,7538,216639112,146,447
856,Who Framed Roger Rabbit,1988,89,7.52,5216,329803958,104,793
10674,Mulan,1998,89,7.915,8920,304320254,88,345
240,The Godfather Part II,1974,89,8.591,11293,102600000,202,215
275,Fargo,1996,89,7.867,7282,60611975,98,474
4951,10 Things I Hate About You,1999,89,7.58,7386,53478166,97,462
641,Requiem for a Dream,2000,89,8.027,9165,7390108,102,330
745,The Sixth Sense,1999,89,7.944,10754,672806292,107,233
447365,Guardians of the Galaxy Vol. 3,2023,89,8.023,4941,845430302,150,849
28,Apocalypse Now,1979,89,8.282,7485,150000000,147,452
45243,The Hangover Part II,2011,89,6.468,9789,586764305,102,286
17979,A Christmas Carol,2009,89,6.855,4173,325286646,94,1019
454983,The Kissing Booth,2018,89,7.229,6926,0,105,509
9428,The Royal Tenenbaums,2001,89,7.496,4176,71441250,110,1015
12230,One Hundred and One Dalmatians,1961,89,7.162,5812,85000000,82,674
1359,American Psycho,2000,89,7.4,9797,34266564,102,285
9377,Ferris Bueller's Day Off,1986,89,7.603,4479,70136369,103,939
320,Insomnia,2002,89,6.9,4306,113714830,118,978
628,Interview with the Vampire,1994,89,7.38,5338,223664608,123,765
772,Home Alone 2: Lost in New York,1992,89,6.705,8671,358994850,120,359
13223,Gran Torino,2008,89,7.994,10003,269958228,116,270
1949,Zodiac,2007,89,7.5,9597,84785914,157,300
8321,In Bruges,2008,89,7.479,4644,34533783,108,904
266856,The Theory of Everything,2014,89,7.86,10069,123726688,123,265
8363,Superbad,2007,89,7.229,6620,170812526,113,546
152532,Dallas Buyers Club,2013,89,7.932,8004,55736588,117,402
562,Die Hard,1988,89,7.775,10202,140767956,131,260
11688,The Emperor's New Groove,2000,89,7.551,6109,169327687,78,626
316029,The Greatest Showman,2017,89,7.908,8844,432844677,105,350
89,Indiana Jones and the Last Crusade,1989,89,7.847,9301,474171806,127,319
96721,Rush,2013,89,7.708,6598,90247624,123,549
10340,Lady and the Tramp,1955,89,7.101,4880,36359037,76,863
564,The Mummy,1999,89,6.906,8327,415885488,124,379
8681,Taken,2008,89,7.387,10432,226830568,94,253
2978,Ghostbusters II,1989,89,6.533,3936,215394738,108,1087
583,Life of Brian,1979,89,7.751,3990,20745728,94,1074
1885,The Karate Kid,1984,89,7.181,3798,130442786,126,1146
9358,Final Destination 2,2003,89,6.2,3669,90941129,90,1204
284054,Black Panther,2018,89,7.39,21053,1349926083,135,27
9323,Ghost in the Shell,1995,89,7.927,3009,515905,82,1497
7737,Resident Evil: Extinction,2007,89,6.286,3792,148412065,94,1151
245891,John Wick,2014,89,7.421,17923,88761661,101,63
769,GoodFellas,1990,89,8.464,11726,46835000,145,196
15121,The Sound of Music,1965,89,7.7,2986,286214286,174,1509
64690,Drive,2011,89,7.572,11718,78054825,100,197
4233,Scream 2,1997,89,6.5,3678,172363301,120,1198
354912,Coco,2017,89,8.222,17742,800526015,105,66
76,Before Sunrise,1995,89,7.973,3722,5987386,101,1182
11324,Shutter Island,2010,89,8.2,22318,294800000,138,21
11130,The Princess Diaries 2: Royal Engagement,2004,89,6.68,3020,134734481,113,1496
10948,The Fox and the Hound,1981,89,7.127,2964,29800000,82,1516
603,The Matrix,1999,89,8.206,23815,463517383,136,16
5176,3:10 to Yuma,2007,89,7.201,3247,70016220,122,1371
103663,The Hunt,2012,89,8.103,3741,18309793,116,1170
809,Shrek 2,2004,89,7.249,11323,928760770,93,213
8587,The Lion King,1994,89,8.256,16991,763455561,89,76
11621,Porco Rosso,1992,89,7.787,2922,0,94,1538
530915,1917,2019,89,7.99,11395,394638258,119,210
2164,Stargate,1994,89,6.978,3090,196567262,121,1452
299536,Avengers: Infinity War,2018,89,8.255,27713,2052415039,149,6
398818,Call Me by Your Name,2017,89,8.167,11367,43143046,132,211
120467,The Grand Budapest Hotel,2014,89,8.049,13787,174600318,100,137
76341,Mad Max: Fury Road,2015,89,7.582,20911,378858340,121,29
752,V for Vendetta,2006,88,7.897,13556,132511035,132,143
9880,The Princess Diaries,2001,88,6.942,4583,165335153,115,924
449176,"Love, Simon",2018,88,8.041,5748,66316289,110,681
27205,Inception,2010,88,8.364,34495,825532764,148,0
710,GoldenEye,1995,88,6.88,3530,352194034,130,1261
569094,Spider-Man: Across the Spider-Verse,2023,88,8.442,4394,683241751,140,952
10193,Toy Story 3,2010,88,7.792,13777,1066969703,103,138
348,Alien,1979,88,8.147,13206,104931801,117,150
796,Cruel Intentions,1999,88,6.787,2960,76347426,98,1517
433,Mary Poppins,1964,88,7.569,4350,103082380,139,965
411,"The Chronicles of Narnia: The Lion, the Witch and the Wardrobe",2005,88,7.126,9808,745013115,143,283
629,The Usual Suspects,1995,88,8.195,9604,23341568,106,299
12,Finding Nemo,2003,88,7.824,18061,940335536,100,61
634649,Spider-Man: No Way Home,2021,88,7.99,18299,1921847111,148,57
675,Harry Potter and the Order of the Phoenix,2007,88,7.686,18177,938212738,138,58
694,The Shining,1980,88,8.218,16205,44781695,144,86
9340,The Goonies,1985,88,7.52,5254,61389680,114,784
1089,Point Break,1991,88,7.133,3202,83531958,122,1394
605,The Matrix Revolutions,2003,88,6.71,9118,424988211,129,332
658,Goldfinger,1964,88,7.345,3259,124881062,110,1365
646,Dr. No,1962,88,6.995,3270,59567035,110,1361
585,"Monsters, Inc.",2001,88,7.835,17189,579707738,92,72
1817,Phone Booth,2003,88,6.837,3392,97837138,81,1311
7131,Van Helsing,2004,88,6.324,5410,300257475,132,750
311,Once Upon a Time in America,1984,88,8.427,4863,5500000,229,864
497582,Enola Holmes,2020,88,7.3,5541,0,123,726
277216,Straight Outta Compton,2015,88,7.785,3600,201634991,147,1224
10096,13 Going on 30,2004,88,6.733,4755,96455697,98,882
242,The Godfather Part III,1990,88,7.422,5627,136766062,162,710
788,Mrs. Doubtfire,1993,88,7.186,5633,441286195,125,709
1368,First Blood,1982,88,7.5,5675,125212904,93,698
1593,Night at the Museum,2006,88,6.6,9538,574480841,108,304
76600,Avatar: The Way of Water,2022,88,7.654,9830,2320250281,192,282
381284,Hidden Figures,2016,88,8.058,8958,235956898,127,342
475557,Joker,2019,88,8.168,23425,1074458282,122,18
142,Brokeback Mountain,2005,88,7.799,6426,178043761,134,570
10191,How to Train Your Dragon,2010,88,7.813,12089,494879471,98,186
1372,Blood Diamond,2006,88,7.53,6999,171720398,143,501
792,Platoon,1986,88,7.747,4087,138530565,120,1044
2503,The Bourne Ultimatum,2007,88,7.421,7127,442824138,115,490
16869,Inglourious Basterds,2009,88,8.215,20746,321457747,153,30
134,"O Brother, Where Art Thou?",2000,88,7.321,3794,71870729,107,1149
381341,Perfect Strangers,2016,88,7.9,4149,31640626,97,1025
1371,Rocky III,1982,88,6.877,3744,270000000,99,1168
5174,Rush Hour 3,2007,88,6.4,2903,258022233,91,1550
9693,Children of Men,2006,88,7.605,6495,70595464,109,564
525,The Blues Brothers,1980,88,7.737,3816,115229890,133,1142
59436,Midnight in Paris,2011,88,7.535,6835,151119219,94,515
19908,Zombieland,2009,88,7.3,11466,102391540,88,207
1585,It's a Wonderful Life,1946,88,8.26,3861,9644124,130,1120
118340,Guardians of the Galaxy,2014,88,7.906,26638,772776600,121,8
310,Bruce Almighty,2003,88,6.706,10010,484592874,101,269
279,Amadeus,1984,88,8.036,3837,51973029,161,1125
103,Taxi Driver,1976,88,8.2,11081,28600000,114,224
87827,Life of Pi,2012,88,7.398,12426,609016565,127,172
840,Close Encounters of the Third Kind,1977,88,7.358,3837,306889114,135,1126
1726,Iron Man,2008,87,7.64,24874,585174222,126,12
2034,Training Day,2001,87,7.485,5360,104876233,122,763
22804,Saw VI,2009,87,6.3,2820,68234154,90,1590
1813,The Devil's Advocate,1997,87,7.451,5429,152944660,144,747
9506,Anger Management,2003,87,6.139,2857,195745823,106,1574
9806,The Incredibles,2004,87,7.704,16584,631442092,115,79
755,From Dusk Till Dawn,1996,87,7.0,5407,25836616,108,752
462,Erin Brockovich,2000,87,7.417,2855,256271286,131,1575
1541,Thelma & Louise,1991,87,7.571,3050,45361000,130,1474
22538,Scott Pilgrim vs. the World,2010,87,7.469,7155,48000000,113,486
94329,The Raid,2011,87,7.421,3089,9148519,101,1453
17654,District 9,2009,87,7.423,8721,210819611,112,356
816,Austin Powers: International Man of Mystery,1997,87,6.553,3084,67711748,94,1459
9475,Scent of a Woman,1992,87,7.767,3024,134095253,156,1491
871,Planet of the Apes,1968,87,7.643,3086,32589624,112,1458
3049,Ace Ventura: Pet Detective,1994,87,6.544,5315,107217396,86,772
10138,Iron Man 2,2010,87,6.835,19756,623933331,124,40
584,2 Fast 2 Furious,2003,87,6.483,6795,236350661,108,520
68721,Iron Man 3,2013,87,6.928,21064,1215577205,130,26
8355,Ice Age: Dawn of the Dinosaurs,2009,87,6.737,7680,886686817,94,431
296,Terminator 3: Rise of the Machines,2003,87,6.145,6098,435000000,109,628
18785,The Hangover,2009,87,7.312,15812,469310836,100,95
1669,The Hunt for Red October,1990,87,7.385,2945,200512643,135,1528
18240,The Proposal,2009,87,7.13,6189,317375031,108,619
150540,Inside Out,2015,87,7.922,19463,857611174,95,43
10625,Mean Girls,2004,87,7.186,7931,130126277,97,406
117263,Olympus Has Fallen,2013,87,6.394,6218,170270201,120,608
1091,The Thing,1982,87,8.045,6232,19629760,109,602
674,Harry Potter and the Goblet of Fire,2005,87,7.816,19287,895921036,157,46
49018,Insidious,2011,87,6.947,6298,99870886,103,590
673,Harry Potter and the Prisoner of Azkaban,2004,87,8.02,20038,789804554,141,38
4257,Scary Movie 4,2006,87,5.475,2987,178262620,83,1506
380,Rain Man,1988,87,7.756,5814,354825435,134,673
9737,Bad Boys,1995,87,6.785,5758,141407024,119,680
773,Little Miss Sunshine,2006,87,7.677,6508,100523181,102,563
146,"Crouching Tiger, Hidden Dragon",2000,87,7.409,2914,213525736,120,1545
169,Predator 2,1990,87,6.26,2900,57120318,108,1553
318846,The Big Short,2015,87,7.344,8320,133346506,131,381
672,Harry Potter and the Chamber of Secrets,2002,87,7.721,20390,876688482,161,33
65,8 Mile,2002,87,7.124,6692,242875078,111,537
30497,The Texas Chain Saw Massacre,1974,87,7.292,2872,30900000,83,1563
767,Harry Potter and the Half-Blood Prince,2009,87,7.697,18127,933959197,153,59
153,Lost in Translation,2003,87,7.392,6734,119723856,102,530
170,28 Days Later,2002,87,7.202,6104,85720385,113,627
2300,Space Jam,1996,87,6.835,5608,250200000,88,712
3131,Gangs of New York,2002,87,7.318,6091,193772504,168,630
588,Silent Hill,2006,87,6.543,3887,100605135,125,1107
1830,Lord of War,2005,87,7.281,4265,72617068,122,987
812,Aladdin,1992,87,7.645,10547,504050219,95,244
1894,Star Wars: Episode II - Attack of the Clones,2002,87,6.6,12288,649398328,142,177
4248,Scary Movie 2,2001,87,5.783,4249,141220678,83,994
395834,Wind River,2017,87,7.428,4747,44998252,107,885
185,A Clockwork Orange,1971,87,8.2,11946,26589000,137,191
8273,American Wedding,2003,87,6.2,3788,231449203,103,1152
508442,Soul,2020,87,8.15,9473,136384442,101,307
36586,Blade II,2002,87,6.516,4338,155010032,117,969
377,A Nightmare on Elm Street,1984,87,7.324,4615,57000000,91,915
260513,Incredibles 2,2018,87,7.481,12061,1242805359,118,187
920,Cars,2006,87,6.936,12906,461983149,117,158
138843,The Conjuring,2013,87,7.541,10683,320406242,112,238
600,Full Metal Jacket,1987,87,8.136,9665,46357676,117,294
9366,Donnie Brasco,1997,87,7.533,4044,124909762,127,1056
203833,The Book Thief,2013,87,7.5,4109,76586316,131,1040
338766,Hell or High Water,2016,87,7.304,4128,37589296,102,1036
941,Lethal Weapon,1987,87,7.286,4164,120207127,110,1021
9732,The Lion King II: Simba's Pride,1998,87,6.941,4130,0,81,1032
1865,Pirates of the Caribbean: On Stranger Tides,2011,87,6.538,13126,1045713802,137,153
508965,Klaus,2019,87,8.25,3542,0,96,1252
458156,John Wick: Chapter 3 - Parabellum,2019,87,7.447,9711,326709727,131,289
2493,The Princess Bride,1987,87,7.674,4176,30861665,99,1016
34584,The NeverEnding Story,1984,87,7.197,3698,20158808,102,1187
78,Blade Runner,1982,87,7.931,12770,41722424,118,164
953,Madagascar,2005,87,6.892,10103,542063846,86,264
9602,Coming to America,1988,87,6.867,3948,288752301,117,1085
12162,The Hurt Locker,2008,87,7.254,5187,49230772,131,799
166426,Pirates of the Caribbean: Dead Men Tell No Tales,2017,87,6.648,11176,795922298,128,219
9481,The Bone Collector,1999,87,6.778,3179,151493655,118,1407
1584,School of Rock,2003,87,7.071,5173,131095990,110,802
269149,Zootopia,2016,87,7.748,15230,1023784195,109,103
950,Ice Age: The Meltdown,2006,87,6.688,9085,660998756,91,334
546554,Knives Out,2019,87,7.847,11156,312897920,131,220
5503,The Fugitive,1993,87,7.461,3817,368875760,131,1140
1427,Perfume: The Story of a Murderer,2006,87,7.4,4186,135039924,147,1013
12163,The Wrestler,2008,87,7.532,3341,44734660,109,1330
604,The Matrix Reloaded,2003,87,7.039,10128,738599701,138,263
37724,Skyfall,2012,87,7.227,14466,1142471295,143,122
3021,1408,2007,87,6.674,4007,132963417,104,1070
8961,Bad Boys II,2003,87,6.598,4924,273339556,147,853
258480,Carol,2015,87,7.494,3439,40272135,118,1293
161,Ocean's Eleven,2001,87,7.43,10774,450717150,116,232
10330,Freaky Friday,2003,87,6.462,3482,160846332,97,1278
9392,The Descent,2005,87,6.957,3507,57130027,99,1269
391,A Fistful of Dollars,1964,87,7.848,3769,14500000,99,1162
1443,The Virgin Suicides,1999,86,7.086,2887,10409377,97,1557
18360,Night at the Museum: Battle of the Smithsonian,2009,86,6.1,6414,413106170,105,573
1700,Misery,1990,86,7.752,4175,61276872,107,1017
949,Heat,1995,86,7.903,6552,187436818,170,556
4995,Boogie Nights,1997,86,7.638,2866,43101594,156,1567
71552,American Reunion,2012,86,6.283,4137,234989584,113,1029
1824,50 First Dates,2004,86,6.844,6705,196482882,99,534
10830,Matilda,1996,86,7.152,4043,33459416,98,1057
4638,Hot Fuzz,2007,86,7.554,6929,80573774,121,508
312221,Creed,2015,86,7.413,6949,173567581,133,507
37135,Tarzan,1999,86,7.402,6238,448191819,88,599
6075,Carlito's Way,1993,86,7.833,2858,63848322,144,1570
9603,Clueless,1995,86,7.273,4011,56631572,97,1067
487558,BlacKkKlansman,2018,86,7.521,7037,93411426,136,497
116745,The Secret Life of Walter Mitty,2013,86,7.172,7080,188133322,114,494
214,Saw III,2006,86,6.382,4010,164874275,109,1068
4133,Blow,2001,86,7.366,4006,83282296,124,1071
872,Singin' in the Rain,1952,86,8.167,2845,7200000,103,1580
387426,Okja,2017,86,7.389,3999,0,122,1073
8329,[REC],2007,86,7.18,3987,32511655,78,1075
76163,The Expendables 2,2012,86,6.323,6289,314975955,103,593
57212,War Horse,2011,86,7.303,3157,177584879,146,1416
90,Beverly Hills Cop,1984,86,7.185,3631,316360478,105,1211
109428,Evil Dead,2013,86,6.5,4226,97542952,91,1001
88,Dirty Dancing,1987,86,7.345,5679,214577242,100,697
1369,Rambo: First Blood Part II,1985,86,6.619,3512,300400432,96,1267
23827,Paranormal Activity,2007,86,5.991,4676,193355800,85,894
10882,Sleeping Beauty,1959,86,6.942,4784,51600000,75,877
215,Saw II,2005,86,6.564,4790,147748505,93,873
1637,Speed,1994,86,7.12,5603,350448145,116,715
583083,The Kissing Booth 2,2020,86,7.703,4796,0,132,872
36647,Blade,1998,86,6.762,5466,131183530,121,740
10315,Fantastic Mr. Fox,2009,86,7.782,4798,46471023,87,871
14756,Ip Man,2008,86,7.8,3444,22108789,106,1291
7340,Carrie,1976,86,7.3,3415,25878153,98,1299
392,Chocolat,2000,86,6.962,3067,152500343,121,1469
3176,Battle Royale,2000,86,7.289,3080,30600000,114,1464
10009,Brother Bear,2003,86,7.257,4993,250397798,85,839
11887,High School Musical 3: Senior Year,2008,86,6.563,3304,252909177,117,1346
10198,The Princess and the Frog,2009,86,7.2,5062,270997378,98,828
1213,The Talented Mr. Ripley,1999,86,7.176,3228,128798265,139,1379
11917,Saw V,2008,86,6.154,3102,113864059,95,1443
256274,"As Above, So Below",2014,86,6.664,3103,41900000,93,1442
603692,John Wick: Chapter 4,2023,86,7.814,4639,426978565,170,905
634,Bridget Jones's Diary,2001,86,6.744,4635,281929795,97,908
1581,The Holiday,2006,86,7.078,4592,194168700,136,921
7453,The Hitchhiker's Guide to the Galaxy,2005,86,6.669,3581,104478416,109,1230
1878,Fear and Loathing in Las Vegas,1998,86,7.219,4236,10680275,118,998
398978,The Irishman,2019,86,7.615,6203,968853,209,612
9837,The Prince of Egypt,1998,86,7.245,3630,218613188,99,1212
4232,Scream,1996,86,7.4,6180,173046663,112,622
8835,Legally Blonde,2001,86,6.749,3615,141774679,96,1218
1621,Trading Places,1983,86,7.202,2929,90404800,116,1534
4234,Scream 3,2000,86,5.976,3157,161834276,116,1414
3981,What Women Want,2000,86,6.434,3614,374111707,127,1219
676,Pearl Harbor,2001,86,6.932,5944,449220945,183,647
420809,Maleficent: Mistress of Evil,2019,86,7.323,5698,491730089,119,690
9313,The Man in the Iron Mask,1998,86,6.621,3553,182968902,132,1248
212778,Chef,2014,86,7.121,3004,45967935,114,1499
298,Ocean's Thirteen,2007,86,6.72,5859,311312624,122,665
184,Jackie Brown,1997,86,7.353,5824,39673162,154,669
766507,Prey,2022,86,7.762,5821,0,100,670
2118,L.A. Confidential,1997,86,7.785,4463,126216940,138,943
35791,Resident Evil: Afterlife,2010,86,6.04,3532,300228084,97,1260
11360,Dumbo,1941,86,6.995,4591,1600000,64,922
10386,The Iron Giant,1999,86,7.925,5105,23159305,86,815
714,Tomorrow Never Dies,1997,86,6.346,2798,333011068,119,1599
607,Men in Black,1997,86,7.184,12836,589390539,98,160
862,Toy Story,1995,86,7.971,17152,394400000,81,73
19913,(500) Days of Summer,2009,86,7.272,9359,60781545,95,315
620,Ghostbusters,1984,86,7.467,8143,296187079,107,392
102899,Ant-Man,2015,86,7.082,18730,519311965,117,52
332562,A Star Is Born,2018,86,7.503,11079,433888866,136,225
420817,Aladdin,2019,86,7.114,9441,1054304000,127,308
640,Catch Me If You Can,2002,86,7.971,14393,352114312,141,127
330459,Rogue One: A Star Wars Story,2016,86,7.488,14354,1056057273,133,128
4922,The Curious Case of Benjamin Button,2008,86,7.579,11899,335802786,166,192
6479,I Am Legend,2007,86,7.201,14675,585410052,101,115
12445,Harry Potter and the Deathly Hallows: Part 2,2011,86,8.105,19183,1341511219,130,48
38757,Tangled,2010,86,7.599,10539,592461732,100,246
283995,Guardians of the Galaxy Vol. 2,2017,86,7.624,20353,863756051,137,34
9799,The Fast and the Furious,2001,86,6.965,9207,207283925,106,327
14160,Up,2009,86,7.949,18857,735099082,96,51
337404,Cruella,2021,86,8.055,8507,233503234,134,369
19995,Avatar,2009,86,7.573,29815,2923706026,162,3
102651,Maleficent,2014,86,7.09,12477,758539785,97,170
115,The Big Lebowski,1998,86,7.842,10390,47010480,117,255
82702,How to Train Your Dragon 2,2014,86,7.673,8929,621537519,102,344
264660,Ex Machina,2015,86,7.572,12362,36869414,108,173
6977,No Country for Old Men,2007,85,7.933,10964,171627166,122,230
116149,Paddington,2014,85,7.061,3356,259207227,96,1322
808,Shrek,2001,85,7.73,15765,487853320,90,97
80278,The Impossible,2012,85,7.363,5880,198087212,113,660
566525,Shang-Chi and the Legend of the Ten Rings,2021,85,7.589,8481,432243292,132,373
8467,Dumb and Dumber,1994,85,6.606,5615,247275374,107,711
2277,Bicentennial Man,1999,85,7.236,3337,87423861,131,1334
20504,The Book of Eli,2010,85,6.781,5636,157107755,118,707
339403,Baby Driver,2017,85,7.5,14634,226945087,113,118
93456,Despicable Me 2,2013,85,6.916,10523,970761885,98,249
11544,Lilo & Stitch,2002,85,7.516,5665,273144151,85,701
222935,The Fault in Our Stars,2014,85,7.598,10655,307166834,126,239
37094,Falling Down,1993,85,7.368,3300,40903593,113,1349
11036,The Notebook,2004,85,7.88,10629,115603229,123,240
5255,The Polar Express,2004,85,6.707,5682,310634054,100,695
1576,Resident Evil,2002,85,6.61,5803,102984862,100,676
335983,Venom,2018,85,6.826,14724,856085151,112,113
8358,Cast Away,2000,85,7.662,10531,429632142,143,247
107,Snatch,2000,85,7.801,8309,83557872,103,383
9023,Spirit: Stallion of the Cimarron,2002,85,7.698,4239,122563539,83,997
164,Breakfast at Tiffany's,1961,85,7.676,3883,9500000,115,1108
91586,Insidious: Chapter 2,2013,85,6.674,3917,161000000,106,1094
65754,The Girl with the Dragon Tattoo,2011,85,7.361,6475,232617430,158,569
334543,Lion,2016,85,8.083,6199,140312928,118,614
764,The Evil Dead,1981,85,7.307,3570,29612367,85,1234
512200,Jumanji: The Next Level,2019,85,6.931,7932,801693929,123,405
956,Mission: Impossible III,2006,85,6.722,6186,398479497,126,620
12155,Alice in Wonderland,2010,85,6.627,13149,1025467110,108,152
7555,Rambo,2008,85,6.653,3556,113244290,92,1244
938,For a Few Dollars More,1965,85,8.016,3555,15000000,132,1245
363088,Ant-Man and the Wasp,2018,85,6.951,12512,622674139,119,169
13649,High School Musical 2,2007,85,6.523,3540,7000000,111,1254
273481,Sicario,2015,85,7.39,7836,84872444,122,411
11224,Cinderella,1950,85,7.037,6239,263591415,74,598
152601,Her,2013,85,7.862,13407,47351251,126,145
1893,Star Wars: Episode I - The Phantom Menace,1999,85,6.5,13550,924317558,136,144
425,Ice Age,2002,85,7.348,12296,383257136,81,176
118,Charlie and the Chocolate Factory,2005,85,7.04,13967,474968763,115,134
558,Spider-Man 2,2004,85,7.258,14096,788976453,127,132
616,The Last Samurai,2003,85,7.574,6297,456758981,154,591
1495,Kingdom of Heaven,2005,85,6.908,3772,218122627,144,1161
162,Edward Scissorhands,1990,85,7.716,12049,53000000,105,188
3558,"Girl, Interrupted",1999,85,7.552,3433,48350205,127,1295
82690,Wreck-It Ralph,2012,85,7.3,11546,471222889,101,200
49444,Kung Fu Panda 2,2011,85,6.968,6365,665692281,91,579
11778,The Deer Hunter,1978,85,7.997,3406,49000000,183,1306
277834,Moana,2016,85,7.6,11502,690860472,107,204
227306,Unbroken,2014,85,7.44,3876,163442937,137,1113
419430,Get Out,2017,85,7.62,16081,255407969,104,90
455207,Crazy Rich Asians,2018,85,7.074,3364,238539198,121,1318
1955,The Elephant Man,1980,85,8.051,3157,26010864,124,1415
8839,Casper,1995,85,6.301,4269,287928194,100,985
84892,The Perks of Being a Wallflower,2012,85,7.8,9844,33400000,103,279
754,Face/Off,1997,85,7.019,4826,245676146,138,869
22803,Law Abiding Citizen,2009,85,7.373,4637,127944208,109,907
284052,Doctor Strange,2016,85,7.427,20935,676343174,115,28
1370,Rambo III,1988,85,6.17,2868,189015611,102,1565
359940,"Three Billboards Outside Ebbing, Missouri",2017,85,8.081,9418,160192031,115,310
36658,X2,2003,85,7.029,9417,407711549,133,311
121,The Lord of the Rings: The Two Towers,2002,85,8.385,20274,926287400,179,35
264644,Room,2015,85,8.033,8684,35401758,118,358
652,Troy,2004,85,7.146,9376,497409852,163,314
8367,Robin Hood: Prince of Thieves,1991,85,6.842,2949,390493908,143,1525
87,Indiana Jones and the Temple of Doom,1984,85,7.294,8505,333000000,118,370
602,Independence Day,1996,85,6.868,8884,817400891,145,348
664,Twister,1996,85,6.47,2914,494471524,113,1544
21208,Orphan,2009,85,7.001,4889,77912251,122,861
2105,American Pie,1999,85,6.567,7125,235483004,95,491
539,Psycho,1960,85,8.437,9272,32000000,109,321
9362,Tremors,1990,85,6.878,2935,48572000,96,1531
167073,Brooklyn,2015,85,7.31,2929,62076141,111,1533
591,The Da Vinci Code,2006,85,6.721,8646,767820459,149,360
187,Sin City,2005,85,7.4,7541,158733820,124,446
27578,The Expendables,2010,85,6.227,7225,274470394,103,484
1954,The Butterfly Effect,2004,85,7.56,6890,96060858,113,512
12444,Harry Potter and the Deathly Hallows: Part 1,2010,85,7.763,17782,954305868,146,65
31011,Mr. Nobody,2009,85,7.832,5512,2331721,141,730
310307,The Founder,2016,85,7.112,4472,24121245,115,942
502356,The Super Mario Bros. Movie,2023,85,7.775,6743,1355725263,93,527
1624,Liar Liar,1997,85,6.667,5163,302710615,86,803
293660,Deadpool,2016,85,7.606,28894,783100000,108,5
509,Notting Hill,1999,85,7.259,5558,363889678,124,722
120,The Lord of the Rings: The Fellowship of the Ring,2001,85,8.402,23323,871368364,179,19
122,The Lord of the Rings: The Return of the King,2003,85,8.474,22334,1118888979,201,20
41154,Men in Black 3,2012,85,6.51,9675,624026776,106,292
630,The Wizard of Oz,1939,85,7.571,5112,33754967,102,811
329865,Arrival,2016,85,7.6,16564,203388186,116,80
2005,Sister Act,1992,85,6.823,2922,231605150,100,1535
1597,Meet the Parents,2000,85,6.672,5512,330444045,108,729
265195,Wild Tales,2014,85,7.869,3081,27007072,122,1463
63,Twelve Monkeys,1995,85,7.6,7677,168841459,129,432
899082,Harry Potter 20th Anniversary: Return to Hogwarts,2022,85,7.302,3084,0,103,1460
82507,Sinister,2012,84,6.868,5008,82515113,110,835
4982,American Gangster,2007,84,7.577,4933,266465037,157,850
1701,Con Air,1997,84,6.727,3763,224012234,116,1166
4553,The Machinist,2004,84,7.52,5081,8203235,101,821
508,Love Actually,2003,84,7.1,6047,244931766,135,635
46195,Rio,2011,84,6.719,6195,484635760,96,618
3170,Bambi,1942,84,7.0,5236,267447150,70,789
770,Gone with the Wind,1939,84,7.965,3691,402352579,238,1193
9444,Anastasia,1997,84,7.611,4958,139804348,94,847
330457,Frozen II,2019,84,7.272,9060,1450026933,103,336
17431,Moon,2009,84,7.57,5238,9760104,97,788
522627,The Gentlemen,2020,84,7.678,5079,115171795,113,823
8966,Twilight,2008,84,6.286,12638,393616788,122,167
399566,Godzilla vs. Kong,2021,84,7.661,9080,470116094,114,335
10719,Elf,2003,84,6.647,3626,225097437,97,1214
186,Lucky Number Slevin,2006,84,7.479,3740,56308881,110,1173
9659,Mad Max,1979,84,6.685,3903,100000000,91,1101
9273,Ace Ventura: When Nature Calls,1995,84,6.3,3781,212385533,90,1158
49538,X-Men: First Class,2011,84,7.296,11986,353624124,132,190
38365,Grown Ups,2010,84,6.359,5577,271430189,102,720
399174,Isle of Dogs,2018,84,7.857,4427,64337744,101,947
924,Dawn of the Dead,2004,84,7.042,3608,102278712,101,1222
51876,Limitless,2011,84,7.186,9900,161849455,105,277
559969,El Camino: A Breaking Bad Movie,2019,84,6.948,4454,0,123,944
9802,The Rock,1996,84,7.1,4235,335062621,137,1000
272693,The DUFF,2015,84,6.8,4211,43528634,100,1007
242582,Nightcrawler,2014,84,7.703,10032,50300000,118,266
35,The Simpsons Movie,2007,84,6.999,7430,527068851,87,458
82654,Warm Bodies,2013,84,6.44,5761,116980662,97,679
782,Gattaca,1997,84,7.548,5786,12532777,106,678
62,2001: A Space Odyssey,1968,84,8.076,10575,71923560,149,242
661374,Glass Onion: A Knives Out Mystery,2022,84,7.059,4530,13280000,140,930
6114,Bram Stoker's Dracula,1992,84,7.449,4626,215862692,128,911
453,A Beautiful Mind,2001,84,7.851,9475,316800000,135,306
3933,Corpse Bride,2005,84,7.527,8216,118133252,77,388
49049,Dredd,2012,84,6.817,4663,41037742,95,896
2048,"I, Robot",2004,84,6.939,10972,347234916,115,229
854,The Mask,1994,84,6.937,9401,351583407,101,312
109418,Grown Ups 2,2013,84,6.111,3920,247022278,101,1092
16996,17 Again,2009,84,6.287,4788,136316880,102,876
109439,The Hangover Part III,2013,84,6.211,8097,362000072,100,393
13475,Star Trek,2009,84,7.432,9314,385680446,127,318
72105,Ted,2012,84,6.407,11513,549368315,107,202
159824,Hotel Transylvania 2,2015,84,6.8,5338,473226958,89,766
117,The Untouchables,1987,84,7.77,5181,76270454,119,800
5915,Into the Wild,2007,84,7.81,9026,56255142,148,338
9032,Big Daddy,1999,84,6.46,3007,234801895,93,1498
330,The Lost World: Jurassic Park,1997,84,6.527,7740,618638999,129,425
259693,The Conjuring 2,2016,84,7.293,7769,321834351,134,420
313369,La La Land,2016,84,7.897,15625,447407695,129,100
1487,Hellboy,2004,84,6.665,6392,99318987,122,576
321612,Beauty and the Beast,2017,84,6.967,14871,1266115964,129,108
11247,A Cinderella Story,2004,84,6.5,3004,70067909,95,1500
315162,Puss in Boots: The Last Wish,2022,84,8.266,6394,482129780,103,575
49051,The Hobbit: An Unexpected Journey,2012,84,7.339,17356,1021103568,169,71
11970,Hercules,1997,84,7.501,6823,252712101,93,516
281957,The Revenant,2015,84,7.5,17114,532950503,157,74
177572,Big Hero 6,2014,84,7.738,14732,657827828,102,110
241,Natural Born Killers,1994,84,7.1,3097,50283563,118,1446
1734,The Mummy Returns,2001,84,6.358,6475,443280904,130,568
492188,Marriage Story,2019,84,7.753,6478,2300000,137,567
401104,To the Bone,2017,84,7.218,3354,0,107,1324
49013,Cars 2,2011,84,6.08,7115,559852396,106,493
314365,Spotlight,2015,84,7.814,7765,98690254,129,421
458423,Mamma Mia! Here We Go Again,2018,84,7.126,3120,395044706,113,1435
77016,End of Watch,2012,84,7.323,2947,48126384,109,1527
262391,Serial (Bad) Weddings,2014,84,6.672,3250,176404493,94,1370
663,Saw IV,2007,84,6.155,3349,139352633,93,1326
37136,The Naked Gun: From the Files of Police Squad!,1988,84,7.233,3297,78756177,86,1353
271110,Captain America: Civil War,2016,84,7.4,21541,1155046416,147,24
985939,Fall,2022,84,7.253,3217,16120263,107,1383
1493,Miss Congeniality,2000,84,6.52,3580,212000000,111,1232
135397,Jurassic World,2015,84,6.682,19414,1671537444,124,44
9472,DodgeBall: A True Underdog Story,2004,84,6.343,3187,167722310,92,1403
24428,The Avengers,2012,84,7.71,29166,1518815515,143,4
2252,Eastern Promises,2007,84,7.362,2999,56106607,101,1502
2024,The Patriot,2000,84,7.166,3554,215294342,165,1247
37247,The Graduate,1967,84,7.649,3023,104945305,106,1494
273248,The Hateful Eight,2015,84,7.746,13291,155760117,188,149
12133,Step Brothers,2008,84,6.557,2850,128107642,98,1577
276907,Legend,2015,84,7.032,3537,42972994,132,1257
99861,Avengers: Age of Ultron,2015,84,7.276,21754,1405403694,141,23
10501,The Road to El Dorado,2000,84,7.244,3477,76432727,89,1279
68,Brazil,1985,84,7.673,3026,9900000,143,1489
44214,Black Swan,2010,84,7.672,13567,329398046,108,142
100402,Captain America: The Winter Soldier,2014,84,7.671,17692,714766572,136,67
9798,Enemy of the State,1998,84,7.009,3493,250649836,132,1276
817,Austin Powers: The Spy Who Shagged Me,1999,84,6.274,3040,312016928,95,1478
881,A Few Good Men,1992,84,7.523,3185,243240178,138,1404
268,Batman,1989,84,7.2,7152,411348924,126,487
57800,Ice Age: Continental Drift,2012,84,6.36,7038,877244782,88,496
95,Armageddon,1998,84,6.829,7320,553799566,151,468
1246,Rocky Balboa,2006,83,6.85,3171,155929020,101,1410
207703,Kingsman: The Secret Service,2014,83,7.636,15664,414351546,129,99
272,Batman Begins,2005,83,7.701,19561,374218673,140,41
376570,Hush,2016,83,6.739,4313,0,82,975
14306,Marley & Me,2008,83,7.199,4312,255743093,115,976
13804,Fast & Furious,2009,83,6.68,6702,363164265,107,535
1018,Mulholland Drive,2001,83,7.827,5664,20271129,147,702
206647,Spectre,2015,83,6.533,9893,880674609,148,278
289,Casablanca,1943,83,8.171,4928,10462500,102,852
333484,The Magnificent Seven,2016,83,6.418,5545,162360636,132,725
10865,Atlantis: The Lost Empire,2001,83,6.981,4339,186053725,95,968
1491,The Illusionist,2006,83,7.286,4528,87892388,110,932
9741,Unbreakable,2000,83,7.134,8607,248118121,106,364
9509,Man on Fire,2004,83,7.45,4674,130293714,146,895
278927,The Jungle Book,2016,83,6.86,7668,966550600,106,433
578,Jaws,1975,83,7.659,9541,470653000,124,303
5876,The Mist,2007,83,6.9,4634,57470220,126,909
324849,The Lego Batman Movie,2017,83,7.222,4593,311950384,104,919
64688,21 Jump Street,2012,83,6.878,9650,201585328,109,296
381289,A Dog's Purpose,2017,83,7.615,3078,205035819,100,1465
373571,Godzilla: King of the Monsters,2019,83,6.674,5479,386600138,132,734
7443,Chicken Run,2000,83,6.758,4494,224834564,84,936
284053,Thor: Ragnarok,2017,83,7.595,19539,855301806,131,42
39254,Real Steel,2011,83,6.981,7571,299268508,127,442
545609,Extraction,2020,83,7.356,5516,0,116,728
420818,The Lion King,2019,83,7.1,9325,1663075401,118,317
411088,The Invisible Guest,2017,83,8.12,4212,30000000,107,1006
621,Grease,1978,83,7.394,6760,181813770,110,524
8078,Alien Resurrection,1997,83,6.131,4378,162000000,109,956
13053,Bolt,2008,83,6.5,5582,309979994,98,718
1571,Live Free or Die Hard,2007,83,6.606,5365,383531464,128,761
316727,The Purge: Election Year,2016,83,6.394,4919,118587880,105,854
10591,The Girl Next Door,2004,83,6.717,3189,31635150,110,1402
257211,The Intern,2015,83,7.205,6199,194564672,121,616
1992,Planet Terror,2007,83,6.653,3190,0,105,1401
470,21 Grams,2003,83,7.337,2865,60427839,124,1568
537915,After,2019,83,7.137,7781,69497587,106,416
109424,Captain Phillips,2013,83,7.552,6424,218791811,134,571
567609,Ready or Not,2019,83,7.057,3909,57615777,95,1097
9800,Philadelphia,1993,83,7.725,3909,206678440,126,1098
2253,Valkyrie,2008,83,6.909,3384,200276000,121,1313
127585,X-Men: Days of Future Past,2014,83,7.5,14433,747862775,132,124
296096,Me Before You,2016,83,7.918,11414,207945075,110,209
954,Mission: Impossible,1996,83,6.968,8089,457731198,110,394
49026,The Dark Knight Rises,2012,83,7.777,21335,1081041287,165,25
10527,Madagascar: Escape 2 Africa,2008,83,6.488,6371,603900354,89,578
2898,As Good as It Gets,1997,83,7.393,3449,314178011,139,1290
402,Basic Instinct,1992,83,6.888,3475,352927224,127,1280
447404,Pokémon Detective Pikachu,2019,83,6.953,6314,449762638,105,588
872585,Oppenheimer,2023,83,8.256,3766,933700000,181,1163
426,Vertigo,1958,83,8.18,5251,7797728,128,785
4256,Scary Movie 3,2003,83,5.971,3744,220673217,84,1169
324857,Spider-Man: Into the Spider-Verse,2018,83,8.404,14024,375464627,117,133
213,North by Northwest,1959,83,7.989,3735,13275000,136,1176
522938,Rambo: Last Blood,2019,83,6.521,3535,91490353,89,1259
293863,The Age of Adaline,2015,83,7.469,6092,65663276,112,629
10528,Sherlock Holmes,2009,83,7.202,13170,524028679,129,151
9615,The Fast and the Furious: Tokyo Drift,2006,83,6.454,6222,158964610,104,606
9471,Charlie's Angels: Full Throttle,2003,83,5.455,2811,259175788,106,1595
374720,Dunkirk,2017,83,7.456,15464,527000000,107,102
193756,Lone Survivor,2013,83,7.426,3911,149295601,121,1095
22971,Dear John,2010,83,6.834,3927,114977104,108,1089
785084,The Whale,2022,83,7.949,2917,55101305,116,1540
97630,Zero Dark Thirty,2012,83,6.981,4154,132820716,157,1023
176,Saw,2004,83,7.4,8327,103911669,103,380
301528,Toy Story 4,2019,83,7.5,9093,1073394593,100,333
137,Groundhog Day,1993,83,7.606,7255,71074049,101,477
65086,The Woman in Black,2012,83,6.124,3272,127730736,95,1360
9325,The Jungle Book,1967,83,7.276,5809,205843612,78,675
24021,The Twilight Saga: Eclipse,2010,83,6.214,8226,698491347,124,386
756999,The Black Phone,2022,83,7.701,4158,161440742,103,1022
4147,Road to Perdition,2002,83,7.352,3313,181001478,117,1343
9739,Demolition Man,1993,83,6.684,3329,58055768,115,1336
8077,Alien³,1992,83,6.4,5066,159773545,114,826
37799,The Social Network,2010,83,7.358,11190,224920315,121,218
177677,Mission: Impossible - Rogue Nation,2015,83,7.19,8182,682716636,131,389
10195,Thor,2011,83,6.768,20023,449326618,115,39
9502,Kung Fu Panda,2008,83,7.24,10503,631744560,90,250
392044,Murder on the Orient Express,2017,82,6.706,9243,352794081,114,323
10022,The Pacifier,2005,82,6.055,2845,198636868,95,1579
1771,Captain America: The First Avenger,2011,82,6.995,20269,370569774,124,36
107985,The World's End,2013,82,6.795,4981,46089287,109,844
405774,Bird Box,2018,82,6.854,9227,0,124,325
10693,Peter Pan,1953,82,7.222,4990,87404651,77,840
19912,The Final Destination,2009,82,5.6,2960,186167139,82,1519
613504,After We Collided,2020,82,7.202,5051,42000000,105,829
4523,Enchanted,2007,82,6.805,5088,340487652,107,819
284293,Still Alice,2014,82,7.498,2876,44779195,100,1562
1375,Rocky V,1990,82,5.767,2904,119946358,104,1549
19404,Dilwale Dulhania Le Jayenge,1995,82,8.552,4256,100000000,190,991
1991,Death Proof,2007,82,6.824,4703,31126421,113,890
64682,The Great Gatsby,2013,82,7.379,11505,351040419,143,203
75656,Now You See Me,2013,82,7.345,14726,351723989,116,111
419479,The Babysitter,2017,82,6.117,3312,0,85,1344
429617,Spider-Man: Far From Home,2019,82,7.447,14495,1131927996,129,121
9426,The Fly,1986,82,7.4,3952,60629159,96,1083
70981,Prometheus,2012,82,6.535,11255,403354469,124,217
335,Once Upon a Time in the West,1968,82,8.294,3923,5380118,166,1091
4327,Charlie's Angels,2000,82,5.819,3857,264105545,98,1122
72190,World War Z,2013,82,6.807,14409,531865000,116,126
136797,Need for Speed,2014,82,6.389,4047,203277636,132,1055
9919,How to Lose a Guy in 10 Days,2003,82,6.754,3496,177502387,116,1275
9762,Step Up,2006,82,6.878,3498,114194847,104,1273
537996,The Ballad of Buster Scruggs,2018,82,7.145,3684,0,132,1197
71679,Resident Evil: Retribution,2012,82,5.802,3669,240159255,95,1203
76170,The Wolverine,2013,82,6.396,8967,415440673,126,341
559,Spider-Man 3,2007,82,6.398,13098,894983373,139,154
198277,Begin Again,2013,82,7.245,3563,63464861,104,1237
419478,Midnight Sun,2018,82,7.795,3237,27365467,91,1375
400155,Hotel Transylvania 3: Summer Vacation,2018,82,6.897,4056,528600000,97,1053
60308,Moneyball,2011,82,7.263,4652,110206216,134,901
1265,Bridge to Terabithia,2007,82,7.292,4366,137587063,96,959
10545,The Hunchback of Notre Dame,1996,82,7.103,4614,325338851,91,916
297,Meet Joe Black,1998,82,7.302,4609,142940100,178,918
88751,Journey to the Center of the Earth,2008,82,6.062,4474,101702060,93,941
1598,Cape Fear,1991,82,7.255,3087,182300000,128,1455
381288,Split,2017,82,7.337,16345,278454358,117,84
6023,P.S. I Love You,2007,82,7.19,3124,156835339,126,1430
58574,Sherlock Holmes: A Game of Shadows,2011,82,7.13,9742,334615000,129,287
383498,Deadpool 2,2018,82,7.492,16324,785896609,120,85
36657,X-Men,2000,82,6.996,10530,296339527,104,248
457799,"Extremely Wicked, Shockingly Evil and Vile",2019,82,7.011,3127,0,111,1425
62211,Monsters University,2013,82,7.0,9903,743559607,104,276
152584,Blue Is the Warmest Color,2013,82,7.084,4249,10165694,180,995
62215,Melancholia,2011,82,7.198,3207,15946321,135,1391
172385,Rio 2,2014,82,6.5,3207,500188435,101,1390
351286,Jurassic World: Fallen Kingdom,2018,82,6.548,10431,1310466296,129,254
2907,The Addams Family,1991,82,7.031,4142,191502426,102,1026
639,When Harry Met Sally...,1989,82,7.405,3655,92823546,96,1206
435,The Day After Tomorrow,2004,82,6.509,7436,552639571,124,457
399579,Alita: Battle Angel,2019,82,7.219,8450,404980543,122,374
228967,The Interview,2014,82,6.185,5370,12342632,113,759
138832,We're the Millers,2013,82,6.814,8306,269994119,110,384
300669,Don't Breathe,2016,82,7.009,6922,159047649,89,510
214756,Ted 2,2015,82,6.286,6892,215863606,115,511
408,Snow White and the Seven Dwarfs,1937,82,7.116,6840,184925486,83,514
927,Gremlins,1984,82,7.09,5819,153083102,106,671
2059,National Treasure,2004,82,6.605,5850,347512318,131,667
57214,Project X,2012,82,6.844,5867,102731865,88,662
200727,"Love, Rosie",2014,82,7.837,5918,4439431,102,652
150689,Cinderella,2015,82,6.798,6679,543514353,105,541
51540,Horrible Bosses,2011,82,6.565,5940,209838559,98,650
44115,127 Hours,2010,82,7.068,7012,35692920,94,499
331,Jurassic Park III,2001,82,6.126,6592,368780809,92,550
568124,Encanto,2021,82,7.63,8611,253000000,102,363
4247,Scary Movie,2000,82,6.336,6346,278019771,88,583
11631,Mamma Mia!,2008,82,6.966,6024,609841637,108,639
6957,The 40 Year Old Virgin,2005,82,6.374,6218,177378645,116,607
474350,It Chapter Two,2019,82,6.854,8021,473122525,169,399
505642,Black Panther: Wakanda Forever,2022,82,7.193,5475,859102154,162,737
180,Minority Report,2002,82,7.3,8013,358372926,145,401
955,Mission: Impossible II,2000,82,6.119,6122,546388105,123,624
50546,Just Go with It,2011,82,6.673,5270,214945591,117,780
4011,Beetlejuice,1988,82,7.384,6117,74714298,92,625
10764,Quantum of Solace,2008,82,6.314,7317,589580482,106,469
644,A.I. Artificial Intelligence,2001,82,7.041,5719,235926552,146,686
396422,Annabelle: Creation,2017,82,6.6,5258,306515884,110,782
594,The Terminal,2004,82,7.33,7241,219417255,128,479
371638,The Disaster Artist,2017,81,7.113,3316,29820616,104,1340
829,Chinatown,1974,81,7.917,3436,30000000,130,1294
190859,American Sniper,2014,81,7.427,12107,542307423,133,185
481848,The Call of the Wild,2020,81,7.572,3406,111202881,100,1305
16871,Drag Me to Hell,2009,81,6.404,3372,90810892,99,1315
296098,Bridge of Spies,2015,81,7.222,6421,165478348,141,572
76492,Hotel Transylvania,2012,81,7.0,8037,358375603,91,396
7446,Tropic Thunder,2008,81,6.635,5591,195702811,107,717
397243,The Autopsy of Jane Doe,2016,81,6.755,3820,6170043,86,1137
70160,The Hunger Games,2012,81,7.193,20636,694394724,142,31
20766,The Road,2009,81,6.998,3460,27635305,111,1286
127380,Finding Dory,2016,81,7.042,11429,1028570889,97,208
87093,Big Eyes,2014,81,6.989,3294,28883511,106,1355
1124,The Prestige,2006,81,8.203,14696,109676311,130,114
63311,The Skin I Live In,2011,81,7.524,3869,33750478,120,1118
9390,Jerry Maguire,1996,81,6.941,2957,273552592,139,1521
10947,High School Musical,2006,81,6.566,4342,0,98,967
9740,Hannibal,2001,81,6.771,4320,351692268,131,971
7299,Equilibrium,2002,81,7.025,4151,5359645,107,1024
10144,The Little Mermaid,1989,81,7.355,7316,211343479,83,471
274167,Daddy's Home,2015,81,6.259,2960,242786137,96,1518
179144,The Great Beauty,2013,81,7.509,2902,24930592,142,1552
52520,Underworld: Awakening,2012,81,6.298,3777,160112671,88,1159
62177,Brave,2012,81,7.012,12591,538983207,93,168
569547,Black Mirror: Bandersnatch,2018,81,6.768,3672,0,90,1200
520763,A Quiet Place Part II,2021,81,7.511,5691,297400000,97,692
2668,Sleepy Hollow,1999,81,7.169,6198,206071502,105,617
82633,Lawless,2012,81,7.043,2832,53676580,115,1585
348350,Solo: A Star Wars Story,2018,81,6.563,7904,392952373,135,407
138103,The Expendables 3,2014,81,6.224,4611,214700000,126,917
338967,Zombieland: Double Tap,2019,81,6.955,5187,122801777,99,798
75174,The Grey,2012,81,6.563,3559,77278331,117,1240
321258,The Boy,2016,81,5.946,3558,73929392,97,1241
8619,Master and Commander: The Far Side of the World,2003,81,7.132,2843,212011111,138,1581
34851,Predators,2010,81,6.2,3734,127233108,107,1177
72976,Lincoln,2012,81,6.865,3517,275293450,149,1264
9487,A Bug's Life,1998,81,6.969,8541,363258859,95,367
2123,"Me, Myself & Irene",2000,81,6.587,3501,149270999,116,1272
10895,Pinocchio,1940,81,7.102,5440,84300000,88,744
322,Mystic River,2003,81,7.746,6036,156822020,138,637
38575,The Karate Kid,2010,81,6.527,5545,359126022,140,724
414906,The Batman,2022,81,7.705,8584,770945583,177,366
9533,Red Dragon,2002,81,7.015,3888,209196298,124,1106
424139,Halloween,2018,81,6.542,4342,259900000,106,966
49017,Dracula Untold,2014,81,6.401,5680,217124280,92,696
501170,Doctor Sleep,2019,81,7.158,3966,72381712,152,1077
61791,Rise of the Planet of the Apes,2011,81,7.289,10799,482860185,105,231
13387,Transporter 3,2008,81,6.142,3097,108979549,104,1445
8871,How the Grinch Stole Christmas,2000,81,6.741,6688,345823040,104,538
76338,Thor: The Dark World,2013,81,6.538,16359,644783140,112,82
10530,Pocahontas,1995,81,6.926,5306,346079773,81,773
56292,Mission: Impossible - Ghost Protocol,2011,81,7.069,9215,694713380,133,326
568,Apollo 13,1995,81,7.443,4997,355237933,140,838
440021,Happy Death Day,2017,81,6.638,5721,125479266,97,685
15,Citizen Kane,1941,81,8.015,5034,23218000,119,832
361743,Top Gun: Maverick,2022,81,8.26,7546,1488732821,131,444
791373,Zack Snyder's Justice League,2021,81,8.19,9202,0,242,328
1592,Primal Fear,1996,81,7.652,3058,102616183,129,1472
259316,Fantastic Beasts and Where to Find Them,2016,81,7.334,17892,809342332,132,64
74643,The Artist,2011,81,7.453,3030,133432856,100,1487
38700,Bad Boys for Life,2020,81,7.139,7570,426505244,124,443
263115,Logan,2017,81,7.8,18116,619021436,137,60
813,Airplane!,1980,81,7.282,4057,83453539,88,1052
395,AVP: Alien vs. Predator,2004,81,5.9,3999,177427090,101,1072
225574,Non-Stop,2014,81,6.811,4987,222809600,106,842
492,Being John Malkovich,1999,81,7.415,3957,22863596,113,1080
11674,101 Dalmatians,1996,81,5.893,3130,320689294,103,1424
33,Unforgiven,1992,81,7.914,3960,159157447,130,1079
2454,The Chronicles of Narnia: Prince Caspian,2008,81,6.616,5916,419665568,150,654
18239,The Twilight Saga: New Moon,2009,81,6.003,8614,709827462,131,362
14,American Beauty,1999,81,8.0,11260,356296601,122,216
331482,Little Women,2019,81,7.895,5700,216601214,135,689
270946,Penguins of Madagascar,2014,80,6.52,3818,373552094,92,1138
242224,The Babadook,2014,80,6.52,5604,10312540,94,713
9342,The Mask of Zorro,1998,80,6.55,3695,250288523,136,1189
308266,War Dogs,2016,80,6.901,4498,86234523,114,935
2770,American Pie 2,2001,80,6.218,4553,287553595,108,928
9679,Gone in Sixty Seconds,2000,80,6.41,4034,237202299,118,1060
227159,Horrible Bosses 2,2014,80,6.182,3872,107670357,108,1117
545611,Everything Everywhere All at Once,2022,80,7.822,5210,139200000,140,794
1578,Raging Bull,1980,80,8.0,3872,23000000,129,1116
133805,Carrie,2013,80,6.033,4193,82394288,100,1009
7980,The Lovely Bones,2009,80,7.072,4242,93621340,136,996
138697,Don Jon,2013,80,6.0,4052,0,90,1054
376659,Bad Moms,2016,80,6.496,3891,183936074,100,1105
274870,Passengers,2016,80,6.934,12429,303144152,116,171
9522,Wedding Crashers,2005,80,6.473,4060,288485135,119,1050
406990,What Happened to Monday,2017,80,7.17,5687,27975429,123,693
51828,One Day,2011,80,7.417,3910,59389433,107,1096
50619,The Twilight Saga: Breaking Dawn - Part 1,2011,80,6.201,8228,712171856,117,385
238636,The Purge: Anarchy,2014,80,6.649,6042,111928365,104,636
504608,Rocketman,2019,80,7.328,4285,167323950,121,980
1858,Transformers,2007,80,6.8,10477,709709780,143,251
337339,The Fate of the Furious,2017,80,6.887,9719,1236005118,136,288
68726,Pacific Rim,2013,80,6.878,11567,411002906,131,198
534,Terminator Salvation,2009,80,6.0,6009,371353001,115,641
146233,Prisoners,2013,80,8.091,10748,122126687,153,236
8699,Anchorman: The Legend of Ron Burgundy,2004,80,6.7,3825,90574188,95,1134
4347,Atonement,2007,80,7.652,3851,131016624,123,1124
503919,The Lighthouse,2019,80,7.512,4352,18129854,109,964
241259,Alice Through the Looking Glass,2016,80,6.55,6025,299457024,113,638
166428,How to Train Your Dragon: The Hidden World,2019,80,7.761,5817,524580592,104,672
82693,Silver Linings Playbook,2012,80,7.13,11327,236412453,122,212
168259,Furious 7,2015,80,7.238,9988,1515341399,137,271
369885,Allied,2016,80,6.8,4251,119520023,124,992
306819,The Danish Girl,2015,80,7.605,5503,64191523,119,731
571,The Birds,1963,80,7.519,3685,11500000,119,1196
60304,Hansel & Gretel: Witch Hunters,2013,80,6.029,6324,226349749,88,587
1250,Ghost Rider,2007,80,5.547,5477,228738393,114,736
353616,Pitch Perfect 3,2017,80,6.538,3124,184724494,93,1429
131631,The Hunger Games: Mockingjay - Part 1,2014,80,6.796,14725,755356711,123,112
376867,Moonlight,2016,80,7.392,6641,65046687,111,545
73723,The Lorax,2012,80,6.496,3213,348840316,86,1384
204082,Homefront,2013,80,6.957,3210,43058898,100,1389
544,There's Something About Mary,1998,80,6.585,4589,369884651,119,923
36669,Die Another Day,2002,80,5.963,3197,431971116,133,1395
8488,Hitch,2005,80,6.551,5367,371600000,118,760
44264,True Grit,2010,80,7.301,4890,252276927,110,860
109445,Frozen,2013,80,7.2,15520,1274219009,102,101
744,Top Gun,1986,80,7.0,7710,356830601,110,428
163,Ocean's Twelve,2004,80,6.564,6721,362744280,125,531
7326,Juno,2007,80,7.048,6736,232372681,96,529
543540,The Perfect Date,2019,80,6.463,3125,0,93,1428
496,Borat: Cultural Learnings of America for Make Benefit Glorious Nation of Kazakhstan,2006,80,6.754,4945,262552893,84,848
41446,Scream 4,2011,80,6.4,3299,97231420,111,1350
725201,The Gray Man,2022,80,6.979,3124,454023,128,1431
557,Spider-Man,2002,80,7.279,17653,821708551,121,68
244267,I Origins,2014,80,7.598,3031,336472,106,1485
346364,It,2017,80,7.242,18018,701800000,135,62
260514,Cars 3,2017,80,6.853,5263,383925276,102,781
646380,Don't Look Up,2021,80,7.135,7227,791863,138,483
504949,The King,2019,80,7.16,2922,0,140,1537
6557,27 Dresses,2008,80,6.401,2916,160259319,111,1542
137106,The Lego Movie,2014,80,7.418,7233,469160692,100,480
2675,Signs,2002,80,6.681,5144,408247917,106,804
315635,Spider-Man: Homecoming,2017,80,7.345,20507,880166924,133,32
187017,22 Jump Street,2014,80,6.842,7460,331333876,112,454
11283,Nanny McPhee,2005,80,6.648,2802,123276807,97,1598
853,Enemy at the Gates,2001,80,7.405,3277,96976270,131,1359
20526,TRON: Legacy,2010,80,6.459,6648,400062763,125,544
298250,Jigsaw,2017,80,6.2,3301,102952888,92,1348
805,Rosemary's Baby,1968,80,7.813,3536,33395426,138,1258
447332,A Quiet Place,2018,80,7.396,13079,341000000,91,155
703,Annie Hall,1977,80,7.751,3556,38288028,93,1243
188927,Star Trek Beyond,2016,80,6.781,6226,343471816,122,605
82992,Fast & Furious 6,2013,80,6.817,10021,788680968,131,267
9339,Click,2006,79,6.3,6518,240685326,107,561
4538,The Darjeeling Limited,2007,79,7.163,3240,24377151,92,1374
291805,Now You See Me 2,2016,79,6.83,10172,334901337,129,261
38055,Megamind,2010,79,6.963,6290,321885765,96,592
68734,Argo,2012,79,7.275,7750,232325503,120,424
140607,Star Wars: The Force Awakens,2015,79,7.293,18352,2068223624,136,56
297762,Wonder Woman,2017,79,7.236,18954,822854286,141,50
9489,You've Got Mail,1998,79,6.668,2976,250821495,119,1511
281338,War for the Planet of the Apes,2017,79,7.16,8030,490719763,140,398
9637,Scooby-Doo,2002,79,6.05,4071,275650703,88,1047
50348,The Lincoln Lawyer,2011,79,7.192,2938,85412898,119,1529
335984,Blade Runner 2049,2017,79,7.544,12331,259239658,164,175
522402,Finch,2021,79,7.938,3081,0,115,1462
561,Constantine,2005,79,7.063,6521,230884728,121,560
601,E.T. the Extra-Terrestrial,1982,79,7.512,10467,792965500,115,252
417859,Puss in Boots,2011,79,6.538,3558,554987477,90,1242
9552,The Exorcist,1973,79,7.72,7247,441405644,122,478
195589,Neighbors,2014,79,6.178,6569,270665134,97,552
102382,The Amazing Spider-Man 2,2014,79,6.498,12349,708962323,141,174
810,Shrek the Third,2007,79,6.287,8318,813367380,93,382
82675,Taken 2,2012,79,6.3,6201,376141306,91,613
1271,300,2007,79,7.175,12812,456082343,117,162
210577,Gone Girl,2014,79,7.892,17381,369330363,149,70
55779,Final Destination 5,2011,79,6.093,3096,157887643,92,1448
12437,Underworld: Rise of the Lycans,2009,79,6.501,3337,92158961,92,1333
10054,Spy Kids,2001,79,5.783,3161,147934180,88,1413
232672,Blended,2014,79,6.865,3211,127994610,117,1385
49047,Gravity,2013,79,7.162,14463,723192705,91,123
1948,Crank,2006,79,6.636,3410,42931041,88,1302
1164,Babel,2006,79,7.181,3427,135330182,143,1298
400535,Sicario: Day of the Soldado,2018,79,6.901,3191,75836683,122,1400
364,Batman Returns,1992,79,6.913,5985,280000000,126,642
19994,Jennifer's Body,2009,79,5.912,3433,31556061,107,1296
87421,Riddick,2013,79,6.3,3788,98337295,119,1153
38356,Transformers: Dark of the Moon,2011,79,6.183,7736,1123794079,154,426
188161,A Million Ways to Die in the West,2014,79,6.008,3784,86410000,116,1156
1930,The Amazing Spider-Man,2012,79,6.691,16352,757930663,136,83
13448,Angels & Demons,2009,79,6.697,6351,485930816,138,582
9870,Forgetting Sarah Marshall,2008,79,6.481,3132,105173115,111,1423
10189,Pineapple Express,2008,79,6.623,3470,101624843,111,1284
10201,Yes Man,2008,79,6.66,6336,223241637,104,585
116,Match Point,2005,79,7.348,3773,85306374,124,1160
9543,Prince of Persia: The Sands of Time,2010,79,6.261,6334,336365676,116,586
23483,Kick-Ass,2010,79,7.12,10997,96188903,117,228
109414,This Is the End,2013,79,6.222,5941,126041322,107,649
20352,Despicable Me,2010,79,7.227,14147,533679475,95,131
10192,Shrek Forever After,2010,79,6.351,6751,752600867,93,526
8960,Hancock,2008,79,6.345,8953,629443428,92,343
82695,Les Misérables,2012,79,7.338,4978,441809770,158,846
124905,Godzilla,2014,79,6.289,8360,529076069,123,376
85350,Boyhood,2014,79,7.509,4828,48137666,166,868
4944,Burn After Reading,2008,79,6.64,4302,163720069,96,979
497698,Black Widow,2021,79,7.303,9298,379751131,134,320
36668,X-Men: The Last Stand,2006,79,6.406,8988,459359555,104,340
76493,The Dictator,2012,79,6.173,5401,179379533,83,754
2667,The Blair Witch Project,1999,79,6.336,4359,248639099,81,962
260346,Taken 3,2014,79,6.234,5360,325771424,109,764
110415,Snowpiercer,2013,79,6.902,8905,86758912,127,346
80321,Madagascar 3: Europe's Most Wanted,2012,79,6.606,5658,746921274,93,704
879,Hook,1991,79,6.824,4931,300855000,142,851
399404,Darkest Hour,2017,79,7.35,4761,150847207,125,880
824,Moulin Rouge!,2001,79,7.575,4219,179213434,128,1004
2280,Big,1988,78,7.162,3299,151927281,104,1351
83542,Cloud Atlas,2012,78,6.884,6657,130482868,172,543
8271,Disturbia,2007,78,6.685,3254,117760134,105,1367
44048,Unstoppable,2010,78,6.561,3222,167805466,98,1380
1640,Crash,2005,78,7.222,3193,98410061,112,1399
156022,The Equalizer,2014,78,7.247,8145,192330738,132,391
1690,Hostel,2006,78,5.927,3313,81979826,94,1342
363676,Sully,2016,78,7.177,6686,240797623,96,539
74,War of the Worlds,2005,78,6.496,7728,603873119,117,427
587,Big Fish,2003,78,7.761,6707,123218424,125,533
101299,The Hunger Games: Catching Fire,2013,78,7.4,16182,865011746,146,88
324668,Jason Bourne,2016,78,6.329,5362,415484914,123,762
424783,Bumblebee,2018,78,6.73,5639,467989645,113,706
49040,The Bourne Legacy,2012,78,6.216,5337,276572938,135,768
6637,National Treasure: Book of Secrets,2007,78,6.321,4761,459242249,124,881
360920,The Grinch,2018,78,6.828,3401,508575295,85,1307
423108,The Conjuring: The Devil Made Me Do It,2021,78,7.491,5407,206431050,111,751
68724,Elysium,2013,78,6.499,8224,286140700,109,387
593643,The Menu,2022,78,7.197,3692,79628200,107,1192
181533,Night at the Museum: Secret of the Tomb,2014,78,6.2,5495,363204635,98,733
8920,Garfield,2004,78,5.669,3628,200804534,80,1213
693,Meet the Fockers,2004,78,6.233,4427,516642939,115,946
59967,Looper,2012,78,6.877,9606,47042000,118,298
267860,London Has Fallen,2016,78,6.182,4408,205754447,99,949
137113,Edge of Tomorrow,2014,78,7.606,12828,370541256,114,161
254128,San Andreas,2015,78,6.229,8036,473990832,114,397
293167,Kong: Skull Island,2017,78,6.514,9696,566652812,118,290
122917,The Hobbit: The Battle of the Five Armies,2014,78,7.309,13301,956019788,144,147
13885,Sweeney Todd: The Demon Barber of Fleet Street,2007,78,7.2,5466,152000000,116,741
391713,Lady Bird,2017,78,7.271,7861,78966486,94,410
527774,Raya and the Last Dragon,2021,78,7.9,6271,130423032,107,596
262500,Insurgent,2015,78,6.361,9494,297002527,119,305
136400,2 Guns,2013,78,6.532,3824,131940411,109,1136
1924,Superman,1978,78,7.116,3467,300218018,143,1285
7350,The Bucket List,2007,78,7.181,3456,175372502,97,1288
5038,Vicky Cristina Barcelona,2008,78,6.792,3456,96409300,96,1289
454,Romeo + Juliet,1996,78,6.795,4681,147298761,120,893
313297,Kubo and the Two Strings,2016,78,7.64,3358,76249438,102,1319
2080,X-Men Origins: Wolverine,2009,78,6.254,9797,373062864,107,284
431,Cube,1997,78,6.796,4336,8969065,90,970
15969,The Return of Jafar,1994,78,6.242,3203,0,69,1393
10312,Patch Adams,1998,78,7.293,2986,202292902,115,1507
675353,Sonic the Hedgehog 2,2022,78,7.57,4225,405421518,123,1002
508943,Luca,2021,78,7.865,7625,49750471,95,438
140300,Kung Fu Panda 3,2016,78,6.878,5327,521170825,95,770
51497,Fast Five,2011,78,7.251,7581,626137675,130,440
307081,Southpaw,2015,78,7.362,5178,91709827,123,801
50620,The Twilight Saga: Breaking Dawn - Part 2,2012,78,6.468,8352,829747654,115,377
105864,The Good Dinosaur,2015,78,6.745,5143,332207671,93,805
404368,Ralph Breaks the Internet,2018,78,7.2,6999,529323962,112,500
228205,The Longest Ride,2015,78,7.584,2937,63013281,128,1530
278154,Ice Age: Collision Course,2016,78,6.073,4175,408579038,95,1018
10521,Bride Wars,2009,78,6.232,2851,115375850,89,1576
550988,Free Guy,2021,78,7.55,7662,331526598,115,435
38408,Life As We Know It,2010,78,6.9,2949,105734416,114,1526
818,Austin Powers in Goldmember,2002,78,5.998,2857,296938801,93,1572
6477,Alvin and the Chipmunks,2007,78,5.8,4130,361366633,92,1033
429197,Vice,2018,78,7.051,3086,76073488,132,1457
353081,Mission: Impossible - Fallout,2018,78,7.414,7537,791657398,147,448
122906,About Time,2013,77,7.905,7781,87100449,123,417
302401,Snowden,2016,77,7.1,4081,37357216,134,1046
37735,Easy A,2010,77,6.811,6485,75026327,93,566
119283,Parker,2013,77,6.018,2816,46216641,118,1591
9335,Transporter 2,2005,77,6.311,3283,89083229,87,1357
7551,Déjà Vu,2006,77,6.843,4361,180557550,126,961
343668,Kingsman: The Golden Circle,2017,77,6.972,9560,410902662,141,302
310131,The Witch,2015,77,6.927,6398,40423945,92,574
9029,What Happens in Vegas,2008,77,6.081,2828,219375562,99,1587
438631,Dune,2021,77,7.789,9420,402027830,155,309
27581,The Other Guys,2010,77,6.294,3831,170432927,107,1129
109451,Cloudy with a Chance of Meatballs 2,2013,77,6.436,2898,248384621,95,1554
49521,Man of Steel,2013,77,6.614,14310,668045518,143,130
254,King Kong,2005,77,6.869,7297,562363449,187,472
619264,The Platform,2019,77,6.986,6308,1090116,95,589
22794,Cloudy with a Chance of Meatballs,2009,77,6.6,5461,242988466,90,742
345940,The Meg,2018,77,6.256,7018,530517320,113,498
140823,Saving Mr. Banks,2013,77,7.351,3120,112544580,125,1434
321697,Steve Jobs,2015,77,6.769,3894,34441873,122,1104
8373,Transformers: Revenge of the Fallen,2009,77,6.2,7939,836303693,149,404
280092,Insidious: Chapter 3,2015,77,6.295,3123,112983889,97,1432
75,Mars Attacks!,1996,77,6.396,5008,101371017,106,836
80,Before Sunset,2004,77,7.82,3074,15992615,80,1466
400106,Bright,2017,77,6.156,5296,0,117,776
45317,The Fighter,2010,77,7.38,4025,93617009,116,1063
2789,The Chronicles of Riddick,2004,77,6.5,3727,115772733,119,1181
338952,Fantastic Beasts: The Crimes of Grindelwald,2018,77,6.876,10203,654855901,134,259
4108,The Transporter,2002,77,6.696,4902,43928932,92,857
39538,Contagion,2011,77,6.636,5663,137551594,106,703
686,Contact,1997,77,7.417,4038,171120329,150,1059
62764,Mirror Mirror,2012,77,5.918,3030,183018522,106,1486
4964,Knocked Up,2007,77,6.266,3670,219922417,129,1202
453395,Doctor Strange in the Multiverse of Madness,2022,77,7.355,7991,955775804,126,403
476669,The King's Man,2021,77,6.794,3932,125928656,131,1088
198184,Chappie,2015,77,6.776,7438,104399548,120,456
302946,The Accountant,2016,77,7.062,5635,155160045,128,708
353486,Jumanji: Welcome to the Jungle,2017,77,6.827,12796,995339117,119,163
334541,Manchester by the Sea,2016,77,7.5,5396,78988148,138,755
240832,Lucy,2014,77,6.44,15181,458863600,89,104
44896,Rango,2011,77,6.825,5969,245724603,107,646
390043,The Hitman's Bodyguard,2017,77,6.891,5732,176586701,118,683
345,Eyes Wide Shut,1999,77,7.474,5552,162100000,159,723
119450,Dawn of the Planet of the Apes,2014,77,7.306,10321,710644566,130,256
189,Sin City: A Dame to Kill For,2014,76,6.4,3539,39407616,102,1255
9982,Chicken Little,2005,76,5.88,3616,314432665,81,1217
333371,10 Cloverfield Lane,2016,76,6.981,7377,110216998,104,464
576845,Last Night in Soho,2021,76,7.375,2812,22957625,117,1594
297802,Aquaman,2018,76,6.9,12965,1148528393,143,156
417678,"Everything, Everything",2017,76,7.245,3583,61621140,96,1229
41513,The Smurfs,2011,76,5.767,3519,563749323,103,1263
335797,Sing,2016,76,7.114,7458,634151679,108,455
588228,The Tomorrow War,2021,76,7.572,2806,14400000,138,1596
9078,The Sword in the Stone,1963,76,7.248,3554,22182353,79,1246
450465,Glass,2019,76,6.677,7793,246999039,129,414
126889,Alien: Covenant,2017,76,6.1,7822,240891763,122,413
290859,Terminator: Dark Fate,2019,76,6.455,4652,261119292,128,903
23631,Machete,2010,76,6.34,3040,45491656,105,1477
109431,Identity Thief,2013,76,5.854,3156,173965010,111,1417
2567,The Aviator,2004,76,7.224,4906,213700000,170,855
62214,Frankenweenie,2012,76,6.944,3024,81493846,87,1490
1966,Alexander,2004,76,5.911,3024,167298192,175,1492
1538,Collateral,2004,76,7.213,5079,217764291,120,824
35690,The Last Song,2010,76,7.238,3195,89137047,107,1397
294254,Maze Runner: The Scorch Trials,2015,76,6.7,9669,312296056,131,293
300671,13 Hours: The Secret Soldiers of Benghazi,2016,76,7.27,3211,69411370,144,1387
160588,Blue Jasmine,2013,76,6.998,3222,99206215,99,1381
49519,The Croods,2013,76,6.913,6607,587204668,98,548
332567,The Shallows,2016,76,6.35,4789,119100758,86,874
107846,Escape Plan,2013,76,6.722,4789,137328301,115,875
324852,Despicable Me 3,2017,76,6.451,6560,1031552585,90,554
251,Ghost,1990,76,7.206,5103,505000000,127,816
339846,Baywatch,2017,76,6.092,7545,177856751,116,445
193610,The Other Woman,2014,76,6.42,3344,196781193,109,1327
336843,Maze Runner: The Death Cure,2018,76,7.1,7141,288175335,143,488
4771,Gone Baby Gone,2007,76,7.302,3388,34619699,113,1312
512195,Red Notice,2021,76,6.803,5135,178143,118,806
11774,Lemony Snicket's A Series of Unfortunate Events,2004,76,6.814,4688,209073645,108,891
460465,Mortal Kombat,2021,76,7.081,5427,84426031,110,748
54138,Star Trek Into Darkness,2013,76,7.328,8589,467365246,132,365
337167,Fifty Shades Freed,2018,76,6.705,7511,368307760,105,449
201085,Crimson Peak,2015,76,6.641,4655,74679822,119,900
57158,The Hobbit: The Desolation of Smaug,2013,76,7.57,12255,958400000,161,179
508439,Onward,2020,76,7.726,5687,141940042,103,694
425909,Ghostbusters: Afterlife,2021,76,7.451,3898,191000000,124,1102
194662,Birdman or (The Unexpected Virtue of Ignorance),2014,76,7.471,12157,103215094,120,183
72570,The Vow,2012,76,7.234,3794,196114570,104,1148
14161,2012,2009,76,5.819,11300,791217826,158,214
399055,The Shape of Water,2017,76,7.247,11490,195333312,123,205
254320,The Lobster,2015,76,7.034,5580,15656193,118,719
246655,X-Men: Apocalypse,2016,76,6.513,12215,543934787,144,182
117251,White House Down,2013,76,6.446,4421,205366737,131,948
446354,The Post,2017,76,6.997,4271,179769467,116,984
333339,Ready Player One,2018,75,7.6,14430,607274134,140,125
59440,Warrior,2011,75,7.837,4179,23308615,140,1014
345920,Collateral Beauty,2016,75,7.239,5122,88528280,97,809
329996,Dumbo,2019,75,6.639,4088,353284621,112,1043
2787,Pitch Black,2000,75,6.8,4066,53187659,108,1049
393519,Raw,2016,75,7.061,2935,4100000,99,1532
9398,Zoolander,2001,75,6.2,4092,60780981,90,1042
11321,Seven Pounds,2008,75,7.613,6362,168167691,123,580
7518,Over the Hedge,2006,75,6.544,4138,343397247,83,1028
40807,50/50,2011,75,7.2,3498,39187783,100,1274
254470,Pitch Perfect 2,2015,75,6.864,5084,287506194,115,820
81188,Rise of the Guardians,2012,75,7.36,6229,306941670,97,603
64686,47 Ronin,2013,75,6.154,3553,151783839,119,1249
262504,Allegiant,2016,75,6.1,6228,179246868,120,604
455980,Tag,2018,75,6.7,2869,75100000,100,1564
158015,The Purge,2013,75,6.25,7870,89328627,86,408
11322,Public Enemies,2009,75,6.677,4129,214104620,140,1034
504172,The Mule,2018,75,6.829,4593,174804407,116,920
153518,The Angry Birds Movie,2016,75,6.205,3369,349779543,97,1316
346698,Barbie,2023,75,7.279,5074,1428545028,114,825
9804,Waterworld,1995,75,6.193,3342,264218220,135,1329
211672,Minions,2015,75,6.395,9969,1156730962,91,272
1635,The Island,2005,75,6.7,4981,162949164,136,845
203801,The Man from U.N.C.L.E.,2015,75,7.087,5852,108145109,116,666
252,Willy Wonka & the Chocolate Factory,1971,75,7.483,3091,4000000,99,1451
423204,Angel Has Fallen,2019,75,6.571,3172,146661977,122,1409
270303,It Follows,2014,75,6.56,5882,14674076,101,659
438695,Sing 2,2021,75,7.918,3919,406000000,110,1093
206487,Predestination,2014,75,7.442,5889,4942449,97,657
493922,Hereditary,2018,75,7.274,6880,82530552,128,513
17578,The Adventures of Tintin,2011,75,6.885,5024,373993951,107,833
328111,The Secret Life of Pets,2016,75,6.266,7664,875457937,86,434
49530,In Time,2011,75,6.953,10556,173930596,109,243
58233,Johnny English Reborn,2011,75,6.222,3039,160078586,101,1480
580489,Venom: Let There Be Carnage,2021,75,6.833,9182,506863592,97,329
667538,Transformers: Rise of the Beasts,2023,75,7.492,3270,429800000,127,1362
570670,The Invisible Man,2020,75,7.129,5282,144492724,124,777
8810,Mad Max 2,1981,75,7.387,3295,24600832,96,1354
328387,Nerve,2016,75,7.045,6555,85241496,96,555
217,Indiana Jones and the Kingdom of the Crystal Skull,2008,75,5.998,7629,786636033,122,437
86838,Seven Psychopaths,2012,75,6.809,3602,33035736,110,1223
7485,Shooter,2007,75,7.097,4401,95696996,124,951
20662,Robin Hood,2010,75,6.4,4264,321669741,140,988
442249,The First Purge,2018,75,5.988,3686,137056262,97,1195
136795,The Heat,2013,75,6.598,3707,158674180,117,1186
515195,Yesterday,2019,75,6.706,3623,88092097,116,1216
87502,Flight,2012,75,6.818,5572,161772375,138,721
508947,Turning Red,2022,75,7.442,4484,18879922,100,938
97367,The Place Beyond the Pines,2013,75,6.963,4535,47135966,140,929
9928,Robots,2005,75,6.4,4210,262511490,91,1008
3050,Doctor Dolittle,1998,75,5.7,2839,294456605,85,1583
1735,The Mummy: Tomb of the Dragon Emperor,2008,74,5.469,4121,403449830,112,1038
12222,Horton Hears a Who!,2008,74,6.5,3033,298572799,86,1484
152760,The Monuments Men,2014,74,6.037,3324,154984035,118,1337
228161,Home,2015,74,6.782,3693,368871007,94,1191
291870,Dirty Grandpa,2016,74,5.913,4128,94073028,102,1035
341174,Fifty Shades Darker,2017,74,6.492,7259,378827494,118,476
473033,Uncut Gems,2019,74,7.1,4261,50020902,136,989
9654,The Italian Job,2003,74,6.763,5113,176070171,110,810
2649,The Game,1997,74,7.56,5975,109423648,129,645
521029,Annabelle Comes Home,2019,74,6.429,3196,231252591,106,1396
3580,Changeling,2008,74,7.599,3877,113398237,141,1111
10140,The Chronicles of Narnia: The Voyage of the Dawn Treader,2010,74,6.433,5193,415686217,113,797
290250,The Nice Guys,2016,74,7.108,7230,62788218,116,481
664413,365 Days,2020,74,7.063,8429,9458590,116,375
385128,F9,2021,74,7.139,6660,726229501,143,542
4547,Panic Room,2002,74,6.757,4523,197079546,111,933
577922,Tenet,2020,74,7.191,8744,365304105,150,354
869,Planet of the Apes,2001,74,5.729,3667,362211740,120,1205
253412,Everest,2015,74,6.81,4567,203427584,121,926
295693,The Boss Baby,2017,74,6.451,6682,527965936,97,540
10661,You Don't Mess with the Zohan,2008,74,5.702,3441,204313400,113,1292
439079,The Nun,2018,74,5.9,6076,365582797,96,631
59,A History of Violence,2005,74,7.168,2906,60740827,96,1546
793,Blue Velvet,1986,74,7.629,2957,8618766,120,1522
10137,Stuart Little,1999,74,6.043,4069,300135367,84,1048
449563,Isn't It Romantic,2019,74,6.225,3343,48800000,89,1328
76649,Pompeii,2014,74,5.525,3062,117831631,105,1470
75780,Jack Reacher,2012,74,6.607,6486,218340595,130,565
68730,Silence,2016,74,7.119,2822,23737523,161,1589
640146,Ant-Man and the Wasp: Quantumania,2023,74,6.431,4009,476071180,125,1069
615457,Nobody,2021,74,8.018,6217,61779301,92,609
426426,Roma,2018,74,7.666,3697,1140769,135,1188
1934,Shakespeare in Love,1998,74,6.868,2823,289317794,123,1588
637649,Wrath of Man,2021,74,7.669,4632,103966489,119,910
1996,Lara Croft: Tomb Raider - The Cradle of Life,2003,74,5.744,3963,160099222,117,1078
460019,Truth or Dare,2018,74,5.963,3763,95330493,101,1165
370172,No Time to Die,2021,74,7.402,5502,774153007,163,732
267935,The BFG,2016,74,6.253,3136,195243411,117,1421
384018,Fast & Furious Presents: Hobbs & Shaw,2019,74,6.867,6618,760098996,137,547
286565,Paper Towns,2015,73,6.134,4881,85512300,109,862
3594,The Number 23,2007,73,6.402,2979,77566815,101,1510
8965,Atlantis: Milo's Return,2003,73,6.334,3728,0,80,1179
285783,The Walk,2015,73,6.975,2986,61181942,123,1508
436969,The Suicide Squad,2021,73,7.557,7692,168717425,132,430
356305,Why Him?,2016,73,6.376,3874,118102725,111,1115
1995,Lara Croft: Tomb Raider,2001,73,5.879,5705,274703340,100,688
9836,Happy Feet,2006,73,6.174,4752,384335608,108,883
50544,Friends with Benefits,2011,73,6.648,7394,149542245,109,460
27582,The Mechanic,2011,73,6.491,2952,51070807,93,1524
445571,Game Night,2018,73,6.85,5372,117501013,100,758
10184,He's Just Not That Into You,2009,73,6.515,3376,178866158,129,1314
298618,The Flash,2023,73,6.898,2959,268375616,144,1520
49849,Cowboys & Aliens,2011,73,5.588,4718,174822325,119,888
7191,Cloverfield,2008,73,6.672,6525,170764026,85,559
718930,Bullet Train,2022,73,7.495,4804,239268602,126,870
9738,Fantastic Four,2005,73,5.775,8765,333535934,106,352
565,The Ring,2002,73,6.651,5706,249348933,115,687
58595,Snow White and the Huntsman,2012,73,5.982,7503,396600000,127,450
438148,Minions: The Rise of Gru,2022,73,7.379,3060,939628210,87,1471
173897,Resident Evil: The Final Chapter,2016,73,6.108,2860,312242626,107,1569
347031,Swiss Army Man,2016,73,6.9,3259,4900000,97,1366
23168,The Town,2010,73,7.2,4616,154026136,125,914
343611,Jack Reacher: Never Go Back,2016,73,5.945,4489,162146076,118,937
22970,The Cabin in the Woods,2012,73,6.608,7288,71041255,95,473
325133,Neighbors 2: Sorority Rising,2016,73,5.817,4164,108758521,92,1020
45612,Source Code,2011,73,7.297,7694,147332697,94,429
209112,Batman v Superman: Dawn of Justice,2016,73,5.952,17081,873637528,152,75
87101,Terminator Genisys,2015,73,5.924,7870,440603537,126,409
302699,Central Intelligence,2016,73,6.41,5473,216972543,107,738
6947,The Village,2004,73,6.438,3786,256697520,108,1155
44826,Hugo,2011,73,7.171,6763,185770160,126,523
257445,Goosebumps,2015,73,6.3,3516,158162788,103,1265
466272,Once Upon a Time… in Hollywood,2019,73,7.437,12237,374251247,162,180
41733,Due Date,2010,73,6.35,5042,211780824,95,831
338953,Fantastic Beasts: The Secrets of Dumbledore,2022,73,6.721,3816,406950844,142,1141
274857,King Arthur: Legend of the Sword,2017,73,6.536,5333,148675066,126,769
2268,The Golden Compass,2007,73,6.046,4258,372234864,113,990
38050,The Adjustment Bureau,2011,73,6.734,4188,127869379,106,1012
345887,The Equalizer 2,2018,73,6.705,4652,190400157,121,902
297761,Suicide Squad,2016,73,5.909,20097,746846894,123,37
20943,The Ugly Truth,2009,73,6.493,3302,321682600,96,1347
299537,Captain Marvel,2019,73,6.843,14657,1131416446,124,117
522681,Escape Room,2019,72,6.535,4315,155712077,100,974
6795,Zathura: A Space Adventure,2005,72,6.409,3002,65079104,101,1501
77950,Turbo,2013,72,6.188,3049,282570682,96,1475
443791,Underwater,2020,72,6.298,2813,40882928,95,1592
250546,Annabelle,2014,72,5.8,5742,257047661,99,682
427641,Rampage,2018,72,6.451,6539,428028233,107,558
400617,Phantom Thread,2017,72,7.3,3211,47756590,130,1386
11253,Hellboy II: The Golden Army,2008,72,6.752,4782,160388063,120,878
1907,The Beach,2000,72,6.456,4038,144056873,119,1058
524047,Greenland,2020,72,7.14,4013,52300000,120,1066
388,Inside Man,2006,72,7.399,5297,186003591,129,775
205587,The Judge,2014,72,7.302,3741,83719388,141,1172
32657,Percy Jackson & the Olympians: The Lightning Thief,2010,72,6.21,6964,226497209,118,505
39451,Little Fockers,2010,72,5.64,3030,310650585,98,1488
1562,28 Weeks Later,2007,72,6.583,3883,65048678,100,1109
300668,Annihilation,2018,72,6.398,8014,43070915,115,400
27576,Salt,2010,72,6.398,5109,293329073,100,813
8698,The League of Extraordinary Gentlemen,2003,72,5.949,3712,179265204,110,1184
44833,Battleship,2012,72,5.808,5134,303025485,131,807
18487,The Taking of Pelham 1 2 3,2009,72,6.338,2881,150166126,106,1558
205584,Gods of Egypt,2016,72,5.629,3817,150680864,127,1139
238615,Self/less,2015,72,6.409,2904,31807156,117,1547
53182,300: Rise of an Empire,2014,72,6.093,6055,337580051,102,633
529203,The Croods: A New Age,2020,72,7.521,3508,215905815,95,1268
1903,Vanilla Sky,2001,72,6.808,3803,203388341,136,1143
296524,Deepwater Horizon,2016,72,6.857,4219,121790373,107,1003
72331,Abraham Lincoln: Vampire Hunter,2012,72,5.718,3093,116471580,105,1449
277685,Unfriended,2014,72,5.53,3169,62882090,82,1411
49529,John Carter,2012,72,6.296,5225,284139100,132,790
71676,Ghost Rider: Spirit of Vengeance,2011,72,5.003,3538,132563930,96,1256
198663,The Maze Runner,2014,72,7.173,15901,348319861,113,94
400928,Gifted,2017,72,8.044,4983,40343446,101,843
157350,Divergent,2014,72,6.92,12118,288885818,139,184
338970,Tomb Raider,2018,72,6.353,7316,274650803,118,470
345911,Lights Out,2016,72,6.332,3611,148868835,81,1221
2698,Evan Almighty,2007,72,5.551,3948,174440724,96,1084
114150,Pitch Perfect,2012,72,7.295,6206,115400000,112,610
180863,T2 Trainspotting,2017,72,6.946,2916,42067430,117,1543
395992,Life,2017,72,6.423,6811,100541806,104,518
866,Finding Neverland,2004,72,7.322,3358,116766556,106,1320
47964,A Good Day to Die Hard,2013,72,5.3,6052,304654182,98,634
16320,Serenity,2005,72,7.369,3207,38869464,119,1392
617653,The Last Duel,2021,72,7.466,2953,30500000,153,1523
64635,Total Recall,2012,72,6.0,5107,198802074,118,814
346672,Underworld: Blood Wars,2016,72,5.837,3413,81093313,91,1300
75612,Oblivion,2013,72,6.618,10015,286168572,124,268
337170,American Made,2017,72,6.862,4137,133511855,115,1030
335988,Transformers: The Last Knight,2017,72,6.059,5727,605425157,154,684
346910,The Predator,2018,72,5.627,4266,160542134,107,986
80274,Ender's Game,2013,72,6.59,5432,125537191,114,746
369972,First Man,2018,72,7.045,4896,105713218,141,858
447200,Skyscraper,2018,72,6.318,4623,292351275,102,913
50456,Hanna,2011,71,6.574,3122,63782078,111,1433
207932,Inferno,2016,71,6.1,5888,220021259,121,658
1724,The Incredible Hulk,2008,71,6.204,11006,163712074,114,227
278924,Mechanic: Resurrection,2016,71,5.972,3083,125729635,98,1461
34544,The A-Team,2010,71,6.4,4311,177238796,117,977
44943,Battle: Los Angeles,2011,71,5.732,3185,211819354,116,1405
39513,Paul,2011,71,6.708,5300,97984015,104,774
15512,Monsters vs Aliens,2009,71,6.2,4280,381509870,94,981
7445,Brothers,2009,71,7.316,3193,43474578,105,1398
787,Mr. & Mrs. Smith,2005,71,6.677,9576,487287646,120,301
268896,Pacific Rim: Uprising,2018,71,6.13,4528,290061297,111,931
547016,The Old Guard,2020,71,7.168,3826,0,125,1132
91314,Transformers: Age of Extinction,2014,71,5.92,7581,1104054072,165,441
6145,Fracture,2007,71,7.277,3599,91354215,113,1225
52449,Bad Teacher,2011,71,5.579,4404,216197492,92,950
489999,Searching,2018,71,7.6,3581,75462037,102,1231
36648,Blade: Trinity,2004,71,5.855,3573,128905366,123,1233
131634,The Hunger Games: Mockingjay - Part 2,2015,71,6.9,11557,653428261,137,199
1979,Fantastic Four: Rise of the Silver Surfer,2007,71,5.592,7381,301913131,92,463
41630,No Strings Attached,2011,71,6.289,4381,149228077,107,955
2832,Identity,2003,71,7.18,3502,90259536,90,1271
9297,Monster House,2006,71,6.67,3637,140175006,91,1210
97020,RoboCop,2014,71,5.847,5133,242688965,118,808
100042,Dumb and Dumber To,2014,71,5.545,2922,169837010,110,1536
55721,Bridesmaids,2011,71,6.529,4106,288383523,125,1041
205775,In the Heart of the Sea,2015,71,6.7,3828,93920758,122,1130
448119,Dolittle,2020,71,6.638,3399,251410631,101,1308
514999,Murder Mystery,2019,71,6.28,4083,0,97,1045
37710,The Tourist,2010,71,6.178,5097,278731369,103,818
5559,Bee Movie,2007,71,6.016,4500,287594577,91,934
14869,G.I. Joe: The Rise of Cobra,2009,71,5.762,4320,302469017,118,972
479455,Men in Black: International,2019,71,5.937,4478,253890701,115,940
287947,Shazam!,2019,71,7.034,8840,366080049,132,351
49730,Red Riding Hood,2011,71,5.96,2975,89162162,100,1512
11665,Get Smart,2008,71,6.17,3315,230685453,110,1341
414,Batman Forever,1995,71,5.409,4780,336529144,121,879
385687,Fast X,2023,70,7.265,3881,704709660,142,1110
436270,Black Adam,2022,70,7.014,5467,393252111,124,739
37834,Knight and Day,2010,70,6.195,4141,261989769,109,1027
340837,A Cure for Wellness,2017,70,6.3,3589,26620002,146,1226
261023,Black Mass,2015,70,6.497,3113,98837872,123,1440
10200,The Day the Earth Stood Still,2008,70,5.598,3133,233093859,104,1422
530385,Midsommar,2019,70,7.162,6185,47969371,147,621
295964,Burnt,2015,70,6.513,3140,36606743,100,1420
181812,Star Wars: The Rise of Skywalker,2019,70,6.365,9047,1074144248,142,337
334,Magnolia,1999,70,7.727,3229,48451803,189,1378
57201,The Lone Ranger,2013,70,6.089,5528,260502115,149,727
50646,"Crazy, Stupid, Love.",2011,70,7.3,7773,145079584,118,419
13811,Knowing,2009,70,6.18,4902,155446362,121,856
39514,RED,2010,70,6.685,6282,199000000,111,594
13183,Watchmen,2009,70,7.333,8485,185258983,163,371
257344,Pixels,2015,70,5.716,7061,244874809,105,495
62213,Dark Shadows,2012,70,6.044,6754,245527149,113,525
116741,The Internship,2013,70,6.253,3926,44000000,119,1090
495764,Birds of Prey (and the Fantabulous Emancipation of One Harley Quinn),2020,70,7.0,9654,205372791,108,295
454626,Sonic the Hedgehog,2020,70,7.345,8901,319715683,99,347
451048,Jungle Cruise,2021,70,7.418,5199,220889446,127,796
72545,Journey 2: The Mysterious Island,2012,70,6.145,3942,355692760,94,1086
389015,"I, Tonya",2017,70,7.501,5405,53939297,120,753
146216,RED 2,2013,70,6.525,3748,148100000,116,1167
296099,Vacation,2015,70,6.298,3472,104384188,99,1283
47933,Independence Day: Resurgence,2016,70,5.283,5674,389681935,120,699
11619,Flushed Away,2006,70,6.265,3488,178120010,84,1277
290595,The Huntsman: Winter's War,2016,70,6.288,4573,164989338,114,925
1620,Hitman,2007,70,6.085,3023,99965753,89,1495
9334,The Scorpion King,2002,69,5.6,2878,165333180,92,1559
315837,Ghost in the Shell,2017,69,6.066,7581,169801921,107,439
458723,Us,2019,69,6.97,6776,256067149,116,522
456740,Hellboy,2019,69,5.554,3119,55065289,121,1436
340666,Nocturnal Animals,2016,69,7.442,7196,29252978,117,485
2270,Stardust,2007,69,7.25,3741,137515140,127,1171
181886,Enemy,2013,69,6.873,5383,3396726,91,757
376660,The Edge of Seventeen,2016,69,7.174,3833,18803648,105,1128
48138,Unknown,2011,69,6.667,3585,130786397,113,1228
462919,Sierra Burgess Is a Loser,2018,69,6.324,3338,0,105,1332
1586,Secret Window,2004,69,6.578,3339,92913171,96,1331
132232,Mama,2013,69,6.248,3896,146497771,100,1103
402900,Ocean's Eight,2018,69,6.985,7780,297718711,111,418
283366,Miss Peregrine's Home for Peculiar Children,2016,69,6.822,9401,296482446,127,313
500664,Upgrade,2018,69,7.494,3907,16706680,100,1100
59961,Safe House,2012,69,6.443,3294,208076205,115,1356
509967,6 Underground,2019,69,6.34,4358,0,128,963
320288,Dark Phoenix,2019,69,5.994,5941,252442974,114,648
18823,Clash of the Titans,2010,69,5.882,5863,493214993,106,663
590223,Love and Monsters,2020,69,7.335,3639,1122066,109,1208
10555,Shark Tale,2004,69,6.023,5923,367275019,90,651
401981,Red Sparrow,2018,69,6.533,5596,151572634,140,716
282035,The Mummy,2017,69,5.507,6741,409231607,110,528
22954,Invictus,2009,69,7.188,3826,122426792,134,1133
181808,Star Wars: The Last Jedi,2017,68,6.825,14312,1332698830,152,129
68728,Oz the Great and Powerful,2013,68,5.903,6232,491868548,130,601
256591,Focus,2015,68,6.875,7321,153962963,105,467
507086,Jurassic World Dominion,2022,68,6.787,5225,1001978080,147,791
639933,The Northman,2022,68,7.1,3589,69633110,137,1227
505026,Death on the Nile,2022,68,6.463,3039,137307235,127,1479
531309,Brightburn,2019,68,6.106,2857,33224654,91,1573
301365,The Neon Demon,2016,68,6.534,3522,3377430,118,1262
259694,How to Be Single,2016,68,6.246,3048,112343513,110,1476
616037,Thor: Love and Thunder,2022,68,6.517,6510,760928081,119,562
2288,Closer,2004,68,6.833,3114,115505027,104,1439
37686,Super 8,2011,68,6.76,6199,260095986,112,615
168672,American Hustle,2013,68,6.848,6821,251171807,138,517
328425,The Gift,2015,68,6.697,2995,58978653,108,1503
46705,Blue Valentine,2010,68,6.9,2974,15440333,112,1513
49524,R.I.P.D.,2013,68,5.822,3708,61648500,96,1185
503736,Army of the Dead,2021,68,6.247,3638,190700000,148,1209
399035,The Commuter,2018,68,6.352,4119,119942387,104,1039
536554,M3GAN,2022,68,7.219,3210,179960167,102,1388
157433,Pet Sematary,2019,67,5.723,2966,113118226,101,1514
453405,Gemini Man,2019,67,6.311,4718,173469516,117,886
512196,Happy Death Day 2U,2019,67,6.304,3118,25327500,100,1437
339964,Valerian and the City of a Thousand Planets,2017,67,6.625,6987,225973340,136,502
929,Godzilla,1998,67,5.605,3541,379014294,138,1253
98566,Teenage Mutant Ninja Turtles,2014,67,5.901,6391,485004754,101,577
134374,Pain & Gain,2013,67,6.243,4127,87305549,130,1037
396371,Molly's Game,2017,67,7.154,3432,59284015,140,1297
32856,Valentine's Day,2010,67,5.905,2889,216485654,125,1556
59859,Kick-Ass 2,2013,67,6.396,5791,60700000,103,677
298312,The Visit,2015,67,6.317,4370,98450062,94,958
184315,Hercules,2014,67,5.758,3824,244819862,99,1135
696806,The Adam Project,2022,67,7.052,3799,0,106,1144
76285,Percy Jackson: Sea of Monsters,2013,67,6.028,4859,199850315,106,866
375262,The Favourite,2018,67,7.537,4855,95918706,119,867
57165,Wrath of the Titans,2012,67,5.725,3908,301970083,99,1099
335787,Uncharted,2022,67,7.002,5066,407141258,116,827
524434,Eternals,2021,67,6.927,7493,402064899,156,451
419704,Ad Astra,2019,66,6.1,6143,127461872,123,623
511987,Crawl,2019,66,6.312,2858,91542097,88,1571
68735,Warcraft,2016,66,6.364,6340,433677183,123,584
341013,Atomic Blonde,2017,66,6.4,5860,100014025,115,664
7451,xXx,2002,66,5.917,3868,277448382,124,1119
97370,Under the Skin,2014,66,6.1,3125,5735963,108,1427
22947,Up in the Air,2009,66,6.852,3332,166842739,110,1335
96936,The Bling Ring,2013,66,5.406,2894,19145732,90,1555
27022,The Sorcerer's Apprentice,2010,66,6.106,4637,215283742,109,906
238713,Spy,2015,66,6.832,5666,235666219,120,700
8487,Wild Wild West,1999,66,5.314,3086,222104681,106,1456
72559,G.I. Joe: Retaliation,2013,66,5.609,5217,371876278,110,792
399057,The Killing of a Sacred Deer,2017,66,7.015,3407,7027336,121,1303
8909,Wanted,2008,66,6.508,6562,342463063,110,553
274854,The Last Witch Hunter,2015,66,5.948,3355,146936910,106,1323
1272,Sunshine,2007,65,6.953,3399,34806812,107,1309
346685,The Girl on the Train,2016,65,6.434,5427,173185859,112,749
43347,Love & Other Drugs,2010,65,7.037,4717,102820008,112,889
270487,"Hail, Caesar!",2016,65,5.914,3567,63647656,106,1235
258489,The Legend of Tarzan,2016,65,5.9,5917,356743061,109,653
227156,The Giver,2014,65,6.549,4235,66980456,97,999
141052,Justice League,2017,65,6.098,12263,657926987,120,178
379686,Space Jam: A New Legacy,2021,65,6.829,3732,163692228,115,1178
23629,Sucker Punch,2011,65,6.172,4394,89792502,110,953
400650,Mary Poppins Returns,2018,65,6.5,3101,348807090,131,1444
10483,Death Race,2008,65,6.25,3473,76014335,105,1282
308531,Teenage Mutant Ninja Turtles: Out of the Shadows,2016,65,6.006,3247,245623848,112,1372
81005,Jack the Giant Slayer,2013,65,5.818,4655,197687603,114,899
147441,Exodus: Gods and Kings,2014,65,5.847,4251,268031828,150,993
8247,Jumper,2008,65,6.142,5337,222231186,88,767
464052,Wonder Woman 1984,2020,65,6.478,7835,169601036,151,412
258230,A Monster Calls,2016,65,7.263,3118,47309313,108,1438
249070,Hitman: Agent 47,2015,64,5.83,2812,81967450,96,1593
59962,This Means War,2012,64,6.152,3164,156974557,98,1412
109421,Side Effects,2013,64,6.587,2878,63372757,106,1560
337401,Mulan,2020,64,6.906,6280,66800000,115,595
446021,Bad Times at the El Royale,2018,64,6.83,3281,31882724,141,1358
311324,The Great Wall,2016,64,6.005,4748,331957105,103,884
224141,Into the Woods,2014,64,5.75,4060,212902372,125,1051
136799,Trolls,2016,64,6.671,3304,346864462,92,1345
2486,Eragon,2006,64,5.073,3039,249288105,104,1481
1927,Hulk,2003,64,5.5,5392,245360480,138,756
8065,21,2008,64,6.7,4317,159808370,123,973
121856,Assassin's Creed,2016,64,5.419,7328,240697856,116,466
225886,Sex Tape,2014,64,5.405,3874,126069509,97,1114
514847,The Hunt,2020,63,6.654,2867,10550350,90,1566
86834,Noah,2014,63,5.653,5846,362637473,138,668
82682,Gangster Squad,2013,63,6.358,3798,105200903,113,1145
249164,If I Stay,2014,63,7.376,4027,78274843,106,1062
158852,Tomorrowland,2015,63,6.257,6591,209154322,130,551
82700,After Earth,2013,63,5.191,6205,243843127,100,611
343674,Gerald's Game,2017,63,6.389,3358,0,104,1321
4148,Revolutionary Road,2008,63,6.97,3551,75981180,119,1251
122081,Spring Breakers,2013,63,5.216,3625,31724284,94,1215
47971,xXx: Return of Xander Cage,2017,63,6.138,8541,346147658,107,368
77877,The Lucky One,2012,62,7.118,3407,99357138,101,1304
384521,The Cloverfield Paradox,2018,62,5.594,2993,0,102,1504
19959,Surrogates,2009,62,6.097,2920,122444772,89,1539
8967,The Tree of Life,2011,62,6.726,2850,54674226,139,1578
9480,Daredevil,2003,62,5.251,4718,179179718,103,887
274855,Geostorm,2017,62,6.11,4441,221600160,109,945
8916,Antz,1998,62,6.14,4134,171757863,83,1031
762504,Nope,2022,62,6.9,3268,170823080,130,1363
40805,The Green Hornet,2011,62,5.566,2987,227817248,119,1505
157353,Transcendence,2014,61,6.029,5102,103039258,119,817
76757,Jupiter Ascending,2015,61,5.433,6353,183987723,127,581
12244,9,2009,61,6.907,3263,48428063,79,1364
397837,Before I Fall,2017,60,6.969,3252,18900000,98,1369
274479,Joy,2015,60,6.51,3828,101134059,124,1131
1452,Superman Returns,2006,60,5.738,3859,391081192,154,1121
299687,The 5th Wave,2016,60,5.946,5479,109906372,112,735
458576,Monster Hunter,2020,60,6.647,3023,42145959,104,1493
123553,The Mortal Instruments: City of Bones,2013,60,6.435,4273,95396573,130,983
340102,The New Mutants,2020,60,6.1,3106,49169594,94,1441
353491,The Dark Tower,2017,59,5.673,4658,113231078,95,898
526896,Morbius,2022,59,6.115,3693,167500000,105,1190
305470,Power Rangers,2017,59,6.3,4189,142337240,124,1011
338762,Bloodshot,2020,59,6.76,4681,39861118,110,892
44912,Green Lantern,2011,59,5.167,6806,219851172,114,519
624860,The Matrix Resurrections,2021,59,6.479,5018,156497322,147,834
8645,The Happening,2008,59,5.379,3252,163403799,91,1368
399170,Logan Lucky,2017,58,6.729,3221,48453605,118,1382
223702,Sausage Party,2016,58,5.734,6789,140705322,89,521
166424,Fantastic Four,2015,58,4.414,5648,167977596,100,705
72710,The Host,2013,57,6.29,3765,63327201,125,1164
718789,Lightyear,2022,56,7.1,3053,226425420,105,1473
428078,Mortal Engines,2018,56,6.176,4274,83869818,129,982
46529,I Am Number Four,2011,56,6.174,4366,149878437,109,960
499932,The Devil All the Time,2020,56,7.219,3036,0,138,1483
399361,Triple Frontier,2019,56,6.292,2903,0,125,1551
381283,mother!,2017,56,7.0,6267,44516999,121,597
631843,Old,2021,55,6.387,3856,90146510,108,1123
43074,Ghostbusters,2016,55,5.371,5976,229147509,117,644
23169,Remember Me,2010,55,7.102,3367,56032889,113,1317
415,Batman & Robin,1997,55,4.331,4625,238207122,125,912
484247,A Simple Favor,2018,54,6.629,3876,97644617,117,1112
752623,The Lost City,2022,54,6.6,2964,192907684,112,1515
258216,Nymphomaniac: Vol. I,2013,53,6.882,3096,13545832,118,1447
263472,Knock Knock,2015,53,5.339,2904,6341684,99,1548
339988,The Circle,2017,52,5.512,4192,40651864,110,1010
314,Catwoman,2004,52,4.585,3087,82102379,104,1454
76726,Chronicle,2012,51,6.822,4891,145000000,84,859
301337,Downsizing,2017,51,5.321,3474,55003890,135,1281
378236,The Emoji Movie,2017,50,5.488,2832,216909830,86,1584
351460,Death Note,2017,50,4.235,3738,0,101,1174
10196,The Last Airbender,2010,49,4.662,3677,319713881,103,1199
216015,Fifty Shades of Grey,2015,-1,5.882,11101,571006128,125,222
635744,Jarhead: Law of Return,2019,-1,6.539,3316,0,103,1339
76025,Shame,2011,-1,6.953,2916,3909002,102,1541
